year,university,major,quota,applicants,avg_score,cutoff
2018,ĐH Bách Khoa TP.HCM,Công nghệ thông tin,202,1369,18.83,24.22
2018,ĐH Bách Khoa TP.HCM,Khoa học máy tính,314,737,25.66,29.06
2018,ĐH Bách Khoa TP.HCM,Kỹ thuật phần mềm,251,1482,17.56,22.89
2018,ĐH Bách Khoa TP.HCM,Trí tuệ nhân tạo,269,613,26.74,28.53
2018,ĐH Bách Khoa TP.HCM,Khoa học dữ liệu,545,3657,19.0,24.71
2018,ĐH Bách Khoa TP.HCM,Quản trị kinh doanh,406,2469,21.5,27.05
2018,ĐH Bách Khoa TP.HCM,Marketing,188,1465,25.08,30.0
2018,ĐH Bách Khoa TP.HCM,Tài chính - Ngân hàng,466,2842,23.1,28.21
2018,ĐH Bách Khoa TP.HCM,Kế toán,134,999,19.59,26.42
2018,ĐH Bách Khoa TP.HCM,Logistics và quản lý chuỗi cung ứng,205,1108,17.31,21.0
2018,ĐH Bách Khoa TP.HCM,Luật,143,1092,25.95,30.0
2018,ĐH Bách Khoa TP.HCM,Ngôn ngữ Anh,437,2289,22.87,26.63
2018,ĐH Khoa học Tự nhiên TP.HCM,Công nghệ thông tin,287,1508,18.41,22.73
2018,ĐH Khoa học Tự nhiên TP.HCM,Khoa học máy tính,571,1190,18.99,21.23
2018,ĐH Khoa học Tự nhiên TP.HCM,Kỹ thuật phần mềm,518,3433,17.74,22.8
2018,ĐH Khoa học Tự nhiên TP.HCM,Trí tuệ nhân tạo,147,621,23.69,28.15
2018,ĐH Khoa học Tự nhiên TP.HCM,Khoa học dữ liệu,271,1578,25.87,30.0
2018,ĐH Khoa học Tự nhiên TP.HCM,Quản trị kinh doanh,356,2253,19.36,24.67
2018,ĐH Khoa học Tự nhiên TP.HCM,Marketing,382,1962,21.28,25.05
2018,ĐH Khoa học Tự nhiên TP.HCM,Tài chính - Ngân hàng,195,1203,18.39,24.57
2018,ĐH Khoa học Tự nhiên TP.HCM,Kế toán,242,1581,19.29,24.68
2018,ĐH Khoa học Tự nhiên TP.HCM,Logistics và quản lý chuỗi cung ứng,165,948,19.96,24.83
2018,ĐH Khoa học Tự nhiên TP.HCM,Luật,383,2612,18.87,25.83
2018,ĐH Khoa học Tự nhiên TP.HCM,Ngôn ngữ Anh,447,1849,26.07,29.9
2018,ĐH Công nghệ Thông tin (UIT),Công nghệ thông tin,382,1742,25.18,29.29
2018,ĐH Công nghệ Thông tin (UIT),Khoa học máy tính,236,1158,23.92,28.2
2018,ĐH Công nghệ Thông tin (UIT),Kỹ thuật phần mềm,251,1922,20.23,26.56
2018,ĐH Công nghệ Thông tin (UIT),Trí tuệ nhân tạo,596,2100,19.47,23.48
2018,ĐH Công nghệ Thông tin (UIT),Khoa học dữ liệu,486,1849,19.85,23.31
2018,ĐH Công nghệ Thông tin (UIT),Quản trị kinh doanh,153,336,20.45,23.91
2018,ĐH Công nghệ Thông tin (UIT),Marketing,225,645,21.89,24.94
2018,ĐH Công nghệ Thông tin (UIT),Tài chính - Ngân hàng,302,1273,19.42,22.53
2018,ĐH Công nghệ Thông tin (UIT),Kế toán,424,2456,23.34,27.96
2018,ĐH Công nghệ Thông tin (UIT),Logistics và quản lý chuỗi cung ứng,448,3203,20.26,26.35
2018,ĐH Công nghệ Thông tin (UIT),Luật,445,2257,19.26,24.15
2018,ĐH Công nghệ Thông tin (UIT),Ngôn ngữ Anh,227,1159,25.38,29.42
2018,ĐH Kinh tế TP.HCM (UEH),Công nghệ thông tin,540,1447,26.25,29.15
2018,ĐH Kinh tế TP.HCM (UEH),Khoa học máy tính,445,3512,22.17,28.53
2018,ĐH Kinh tế TP.HCM (UEH),Kỹ thuật phần mềm,484,1238,25.97,27.41
2018,ĐH Kinh tế TP.HCM (UEH),Trí tuệ nhân tạo,198,1228,25.47,30.0
2018,ĐH Kinh tế TP.HCM (UEH),Khoa học dữ liệu,153,1021,23.42,29.61
2018,ĐH Kinh tế TP.HCM (UEH),Quản trị kinh doanh,448,1659,20.05,22.96
2018,ĐH Kinh tế TP.HCM (UEH),Marketing,262,1548,19.24,24.11
2018,ĐH Kinh tế TP.HCM (UEH),Tài chính - Ngân hàng,503,2112,24.44,27.54
2018,ĐH Kinh tế TP.HCM (UEH),Kế toán,227,1228,17.94,22.27
2018,ĐH Kinh tế TP.HCM (UEH),Logistics và quản lý chuỗi cung ứng,137,1078,21.87,28.46
2018,ĐH Kinh tế TP.HCM (UEH),Luật,126,852,22.03,27.27
2018,ĐH Kinh tế TP.HCM (UEH),Ngôn ngữ Anh,416,2077,22.72,27.19
2018,ĐH Ngoại thương,Công nghệ thông tin,116,924,21.7,29.07
2018,ĐH Ngoại thương,Khoa học máy tính,136,1029,21.28,28.4
2018,ĐH Ngoại thương,Kỹ thuật phần mềm,198,1560,17.75,24.48
2018,ĐH Ngoại thương,Trí tuệ nhân tạo,422,1273,22.57,24.8
2018,ĐH Ngoại thương,Khoa học dữ liệu,157,1190,17.7,23.84
2018,ĐH Ngoại thương,Quản trị kinh doanh,226,1154,25.77,30.0
2018,ĐH Ngoại thương,Marketing,516,1454,24.09,26.23
2018,ĐH Ngoại thương,Tài chính - Ngân hàng,405,2916,26.13,30.0
2018,ĐH Ngoại thương,Kế toán,412,2376,18.94,23.8
2018,ĐH Ngoại thương,Logistics và quản lý chuỗi cung ứng,470,1893,20.76,24.3
2018,ĐH Ngoại thương,Luật,314,1894,20.28,25.46
2018,ĐH Ngoại thương,Ngôn ngữ Anh,269,1865,20.6,27.2
2018,ĐH Kinh tế Quốc dân,Công nghệ thông tin,580,4040,19.72,26.71
2018,ĐH Kinh tế Quốc dân,Khoa học máy tính,579,3003,22.41,26.98
2018,ĐH Kinh tế Quốc dân,Kỹ thuật phần mềm,407,1138,26.7,29.15
2018,ĐH Kinh tế Quốc dân,Trí tuệ nhân tạo,374,1733,17.78,21.66
2018,ĐH Kinh tế Quốc dân,Khoa học dữ liệu,216,536,21.28,22.59
2018,ĐH Kinh tế Quốc dân,Quản trị kinh doanh,217,1364,23.6,29.05
2018,ĐH Kinh tế Quốc dân,Marketing,371,1892,23.57,27.45
2018,ĐH Kinh tế Quốc dân,Tài chính - Ngân hàng,185,385,18.16,20.18
2018,ĐH Kinh tế Quốc dân,Kế toán,596,2305,26.8,29.95
2018,ĐH Kinh tế Quốc dân,Logistics và quản lý chuỗi cung ứng,353,1624,20.99,25.79
2018,ĐH Kinh tế Quốc dân,Luật,424,3103,19.61,26.2
2018,ĐH Kinh tế Quốc dân,Ngôn ngữ Anh,424,2588,23.16,29.11
2018,ĐH Sư phạm TP.HCM,Công nghệ thông tin,357,770,22.86,23.66
2018,ĐH Sư phạm TP.HCM,Khoa học máy tính,479,1327,25.11,28.37
2018,ĐH Sư phạm TP.HCM,Kỹ thuật phần mềm,367,1584,26.61,30.0
2018,ĐH Sư phạm TP.HCM,Trí tuệ nhân tạo,436,2587,20.85,25.82
2018,ĐH Sư phạm TP.HCM,Khoa học dữ liệu,517,1842,21.96,25.49
2018,ĐH Sư phạm TP.HCM,Quản trị kinh doanh,475,3044,25.03,30.0
2018,ĐH Sư phạm TP.HCM,Marketing,493,2238,22.69,26.4
2018,ĐH Sư phạm TP.HCM,Tài chính - Ngân hàng,596,3968,20.41,26.63
2018,ĐH Sư phạm TP.HCM,Kế toán,136,466,23.8,26.51
2018,ĐH Sư phạm TP.HCM,Logistics và quản lý chuỗi cung ứng,468,2354,25.26,28.99
2018,ĐH Sư phạm TP.HCM,Luật,286,743,17.53,19.63
2018,ĐH Sư phạm TP.HCM,Ngôn ngữ Anh,383,2949,26.51,30.0
2018,ĐH Luật TP.HCM,Công nghệ thông tin,466,1164,17.92,19.3
2018,ĐH Luật TP.HCM,Khoa học máy tính,152,1025,24.9,30.0
2018,ĐH Luật TP.HCM,Kỹ thuật phần mềm,141,1106,26.96,30.0
2018,ĐH Luật TP.HCM,Trí tuệ nhân tạo,430,1162,18.43,21.87
2018,ĐH Luật TP.HCM,Khoa học dữ liệu,591,4255,25.38,30.0
2018,ĐH Luật TP.HCM,Quản trị kinh doanh,382,2382,17.81,22.61
2018,ĐH Luật TP.HCM,Marketing,438,2403,25.63,30.0
2018,ĐH Luật TP.HCM,Tài chính - Ngân hàng,400,2608,20.76,26.52
2018,ĐH Luật TP.HCM,Kế toán,544,2321,24.05,27.46
2018,ĐH Luật TP.HCM,Logistics và quản lý chuỗi cung ứng,272,562,21.69,22.42
2018,ĐH Luật TP.HCM,Luật,575,3796,25.23,30.0
2018,ĐH Luật TP.HCM,Ngôn ngữ Anh,290,1411,17.83,22.67
2018,ĐH Ngân hàng TP.HCM,Công nghệ thông tin,216,1680,17.12,24.26
2018,ĐH Ngân hàng TP.HCM,Khoa học máy tính,328,1153,23.95,27.13
2018,ĐH Ngân hàng TP.HCM,Kỹ thuật phần mềm,146,843,23.96,29.88
2018,ĐH Ngân hàng TP.HCM,Trí tuệ nhân tạo,243,1560,26.15,30.0
2018,ĐH Ngân hàng TP.HCM,Khoa học dữ liệu,371,2723,21.56,27.66
2018,ĐH Ngân hàng TP.HCM,Quản trị kinh doanh,189,818,19.29,22.83
2018,ĐH Ngân hàng TP.HCM,Marketing,456,3577,26.86,30.0
2018,ĐH Ngân hàng TP.HCM,Tài chính - Ngân hàng,311,1746,19.71,24.98
2018,ĐH Ngân hàng TP.HCM,Kế toán,134,929,26.5,30.0
2018,ĐH Ngân hàng TP.HCM,Logistics và quản lý chuỗi cung ứng,411,2983,22.52,30.0
2018,ĐH Ngân hàng TP.HCM,Luật,388,2586,21.8,28.63
2018,ĐH Ngân hàng TP.HCM,Ngôn ngữ Anh,316,2470,25.42,30.0
2018,ĐH Công nghiệp TP.HCM,Công nghệ thông tin,197,437,18.34,20.47
2018,ĐH Công nghiệp TP.HCM,Khoa học máy tính,296,2367,26.97,30.0
2018,ĐH Công nghiệp TP.HCM,Kỹ thuật phần mềm,584,3712,24.57,29.85
2018,ĐH Công nghiệp TP.HCM,Trí tuệ nhân tạo,100,772,23.06,29.62
2018,ĐH Công nghiệp TP.HCM,Khoa học dữ liệu,468,3061,17.47,23.36
2018,ĐH Công nghiệp TP.HCM,Quản trị kinh doanh,537,3562,22.2,27.92
2018,ĐH Công nghiệp TP.HCM,Marketing,153,1194,17.88,24.57
2018,ĐH Công nghiệp TP.HCM,Tài chính - Ngân hàng,506,3304,23.2,30.0
2018,ĐH Công nghiệp TP.HCM,Kế toán,534,3961,23.17,30.0
2018,ĐH Công nghiệp TP.HCM,Logistics và quản lý chuỗi cung ứng,434,2007,26.04,30.0
2018,ĐH Công nghiệp TP.HCM,Luật,265,1246,26.1,30.0
2018,ĐH Công nghiệp TP.HCM,Ngôn ngữ Anh,384,1106,26.27,29.0
2019,ĐH Bách Khoa TP.HCM,Công nghệ thông tin,439,2087,26.8,30.0
2019,ĐH Bách Khoa TP.HCM,Khoa học máy tính,339,1372,22.37,25.17
2019,ĐH Bách Khoa TP.HCM,Kỹ thuật phần mềm,435,1266,18.39,20.85
2019,ĐH Bách Khoa TP.HCM,Trí tuệ nhân tạo,294,2130,22.15,28.42
2019,ĐH Bách Khoa TP.HCM,Khoa học dữ liệu,160,504,17.41,19.58
2019,ĐH Bách Khoa TP.HCM,Quản trị kinh doanh,504,2667,22.34,26.72
2019,ĐH Bách Khoa TP.HCM,Marketing,145,606,22.03,25.56
2019,ĐH Bách Khoa TP.HCM,Tài chính - Ngân hàng,449,1320,20.77,23.25
2019,ĐH Bách Khoa TP.HCM,Kế toán,391,2673,24.48,30.0
2019,ĐH Bách Khoa TP.HCM,Logistics và quản lý chuỗi cung ứng,313,1069,24.6,27.01
2019,ĐH Bách Khoa TP.HCM,Luật,485,3145,17.37,23.43
2019,ĐH Bách Khoa TP.HCM,Ngôn ngữ Anh,337,2189,17.3,23.65
2019,ĐH Khoa học Tự nhiên TP.HCM,Công nghệ thông tin,393,2041,19.42,23.88
2019,ĐH Khoa học Tự nhiên TP.HCM,Khoa học máy tính,540,3803,17.89,24.28
2019,ĐH Khoa học Tự nhiên TP.HCM,Kỹ thuật phần mềm,124,910,22.94,29.72
2019,ĐH Khoa học Tự nhiên TP.HCM,Trí tuệ nhân tạo,210,1156,24.37,30.0
2019,ĐH Khoa học Tự nhiên TP.HCM,Khoa học dữ liệu,523,2400,18.28,23.14
2019,ĐH Khoa học Tự nhiên TP.HCM,Quản trị kinh doanh,325,1126,21.98,24.25
2019,ĐH Khoa học Tự nhiên TP.HCM,Marketing,476,1629,18.02,20.52
2019,ĐH Khoa học Tự nhiên TP.HCM,Tài chính - Ngân hàng,430,1086,25.06,26.78
2019,ĐH Khoa học Tự nhiên TP.HCM,Kế toán,236,585,22.25,24.7
2019,ĐH Khoa học Tự nhiên TP.HCM,Logistics và quản lý chuỗi cung ứng,103,209,26.75,28.57
2019,ĐH Khoa học Tự nhiên TP.HCM,Luật,585,3516,26.29,30.0
2019,ĐH Khoa học Tự nhiên TP.HCM,Ngôn ngữ Anh,399,1288,26.68,30.0
2019,ĐH Công nghệ Thông tin (UIT),Công nghệ thông tin,311,1569,19.42,22.83
2019,ĐH Công nghệ Thông tin (UIT),Khoa học máy tính,392,1974,26.32,30.0
2019,ĐH Công nghệ Thông tin (UIT),Kỹ thuật phần mềm,358,827,20.37,22.84
2019,ĐH Công nghệ Thông tin (UIT),Trí tuệ nhân tạo,420,1189,17.03,19.01
2019,ĐH Công nghệ Thông tin (UIT),Khoa học dữ liệu,498,2405,21.12,25.51
2019,ĐH Công nghệ Thông tin (UIT),Quản trị kinh doanh,175,748,26.26,30.0
2019,ĐH Công nghệ Thông tin (UIT),Marketing,159,1121,18.4,24.71
2019,ĐH Công nghệ Thông tin (UIT),Tài chính - Ngân hàng,312,972,19.36,22.05
2019,ĐH Công nghệ Thông tin (UIT),Kế toán,161,668,25.77,29.33
2019,ĐH Công nghệ Thông tin (UIT),Logistics và quản lý chuỗi cung ứng,113,835,23.24,30.0
2019,ĐH Công nghệ Thông tin (UIT),Luật,162,812,19.32,24.66
2019,ĐH Công nghệ Thông tin (UIT),Ngôn ngữ Anh,203,684,22.43,24.14
2019,ĐH Kinh tế TP.HCM (UEH),Công nghệ thông tin,166,957,20.35,25.64
2019,ĐH Kinh tế TP.HCM (UEH),Khoa học máy tính,599,3862,22.73,29.68
2019,ĐH Kinh tế TP.HCM (UEH),Kỹ thuật phần mềm,540,2089,19.48,23.23
2019,ĐH Kinh tế TP.HCM (UEH),Trí tuệ nhân tạo,109,541,24.55,28.5
2019,ĐH Kinh tế TP.HCM (UEH),Khoa học dữ liệu,496,1321,25.46,28.42
2019,ĐH Kinh tế TP.HCM (UEH),Quản trị kinh doanh,360,1770,21.09,25.49
2019,ĐH Kinh tế TP.HCM (UEH),Marketing,510,2981,23.94,28.82
2019,ĐH Kinh tế TP.HCM (UEH),Tài chính - Ngân hàng,110,852,20.43,26.52
2019,ĐH Kinh tế TP.HCM (UEH),Kế toán,122,582,26.47,30.0
2019,ĐH Kinh tế TP.HCM (UEH),Logistics và quản lý chuỗi cung ứng,572,2022,24.26,29.14
2019,ĐH Kinh tế TP.HCM (UEH),Luật,591,3185,23.97,28.69
2019,ĐH Kinh tế TP.HCM (UEH),Ngôn ngữ Anh,191,811,17.69,21.55
2019,ĐH Ngoại thương,Công nghệ thông tin,561,4267,26.26,30.0
2019,ĐH Ngoại thương,Khoa học máy tính,248,1060,24.44,28.45
2019,ĐH Ngoại thương,Kỹ thuật phần mềm,412,835,20.33,22.63
2019,ĐH Ngoại thương,Trí tuệ nhân tạo,485,2325,21.81,26.51
2019,ĐH Ngoại thương,Khoa học dữ liệu,227,759,21.52,24.33
2019,ĐH Ngoại thương,Quản trị kinh doanh,297,654,20.11,21.55
2019,ĐH Ngoại thương,Marketing,590,3418,17.13,22.35
2019,ĐH Ngoại thương,Tài chính - Ngân hàng,575,2995,18.84,22.78
2019,ĐH Ngoại thương,Kế toán,323,775,24.5,26.44
2019,ĐH Ngoại thương,Logistics và quản lý chuỗi cung ứng,384,2207,20.78,26.33
2019,ĐH Ngoại thương,Luật,118,282,24.76,25.34
2019,ĐH Ngoại thương,Ngôn ngữ Anh,213,1061,24.65,29.56
2019,ĐH Kinh tế Quốc dân,Công nghệ thông tin,363,2602,26.46,30.0
2019,ĐH Kinh tế Quốc dân,Khoa học máy tính,479,3259,26.79,30.0
2019,ĐH Kinh tế Quốc dân,Kỹ thuật phần mềm,490,2917,17.27,22.92
2019,ĐH Kinh tế Quốc dân,Trí tuệ nhân tạo,427,1120,25.0,26.51
2019,ĐH Kinh tế Quốc dân,Khoa học dữ liệu,196,1046,24.21,29.29
2019,ĐH Kinh tế Quốc dân,Quản trị kinh doanh,401,2799,20.97,27.46
2019,ĐH Kinh tế Quốc dân,Marketing,568,2520,20.24,24.81
2019,ĐH Kinh tế Quốc dân,Tài chính - Ngân hàng,184,397,18.81,21.33
2019,ĐH Kinh tế Quốc dân,Kế toán,287,1786,26.11,30.0
2019,ĐH Kinh tế Quốc dân,Logistics và quản lý chuỗi cung ứng,294,1629,19.68,24.5
2019,ĐH Kinh tế Quốc dân,Luật,521,3461,20.63,26.7
2019,ĐH Kinh tế Quốc dân,Ngôn ngữ Anh,257,1265,25.95,30.0
2019,ĐH Sư phạm TP.HCM,Công nghệ thông tin,308,1511,22.12,26.28
2019,ĐH Sư phạm TP.HCM,Khoa học máy tính,300,850,25.35,29.26
2019,ĐH Sư phạm TP.HCM,Kỹ thuật phần mềm,541,4005,23.91,30.0
2019,ĐH Sư phạm TP.HCM,Trí tuệ nhân tạo,141,769,19.74,25.53
2019,ĐH Sư phạm TP.HCM,Khoa học dữ liệu,252,1256,24.2,28.21
2019,ĐH Sư phạm TP.HCM,Quản trị kinh doanh,386,2795,22.97,29.23
2019,ĐH Sư phạm TP.HCM,Marketing,408,1245,26.14,29.11
2019,ĐH Sư phạm TP.HCM,Tài chính - Ngân hàng,163,672,26.59,28.7
2019,ĐH Sư phạm TP.HCM,Kế toán,280,1573,19.45,23.93
2019,ĐH Sư phạm TP.HCM,Logistics và quản lý chuỗi cung ứng,212,1341,23.1,28.35
2019,ĐH Sư phạm TP.HCM,Luật,154,921,26.37,30.0
2019,ĐH Sư phạm TP.HCM,Ngôn ngữ Anh,590,4176,26.55,30.0
2019,ĐH Luật TP.HCM,Công nghệ thông tin,300,1987,18.07,23.76
2019,ĐH Luật TP.HCM,Khoa học máy tính,526,2940,21.6,27.44
2019,ĐH Luật TP.HCM,Kỹ thuật phần mềm,597,4057,23.95,28.9
2019,ĐH Luật TP.HCM,Trí tuệ nhân tạo,143,978,26.62,30.0
2019,ĐH Luật TP.HCM,Khoa học dữ liệu,156,729,18.85,23.37
2019,ĐH Luật TP.HCM,Quản trị kinh doanh,248,1625,24.24,30.0
2019,ĐH Luật TP.HCM,Marketing,299,1045,21.89,25.39
2019,ĐH Luật TP.HCM,Tài chính - Ngân hàng,369,1004,24.31,26.68
2019,ĐH Luật TP.HCM,Kế toán,427,3341,26.44,30.0
2019,ĐH Luật TP.HCM,Logistics và quản lý chuỗi cung ứng,501,2572,23.45,28.24
2019,ĐH Luật TP.HCM,Luật,251,848,18.21,20.38
2019,ĐH Luật TP.HCM,Ngôn ngữ Anh,282,1248,22.72,27.74
2019,ĐH Ngân hàng TP.HCM,Công nghệ thông tin,103,694,20.19,26.56
2019,ĐH Ngân hàng TP.HCM,Khoa học máy tính,481,2166,21.62,26.6
2019,ĐH Ngân hàng TP.HCM,Kỹ thuật phần mềm,350,2536,22.29,29.9
2019,ĐH Ngân hàng TP.HCM,Trí tuệ nhân tạo,576,1281,21.8,23.5
2019,ĐH Ngân hàng TP.HCM,Khoa học dữ liệu,335,2648,24.68,30.0
2019,ĐH Ngân hàng TP.HCM,Quản trị kinh doanh,577,1165,21.67,23.09
2019,ĐH Ngân hàng TP.HCM,Marketing,597,2255,19.34,21.31
2019,ĐH Ngân hàng TP.HCM,Tài chính - Ngân hàng,443,1216,26.56,28.57
2019,ĐH Ngân hàng TP.HCM,Kế toán,584,1481,21.18,23.74
2019,ĐH Ngân hàng TP.HCM,Logistics và quản lý chuỗi cung ứng,432,3427,24.43,30.0
2019,ĐH Ngân hàng TP.HCM,Luật,171,1309,23.5,29.57
2019,ĐH Ngân hàng TP.HCM,Ngôn ngữ Anh,325,1398,17.37,21.66
2019,ĐH Công nghiệp TP.HCM,Công nghệ thông tin,475,1947,17.58,22.5
2019,ĐH Công nghiệp TP.HCM,Khoa học máy tính,161,1284,25.97,30.0
2019,ĐH Công nghiệp TP.HCM,Kỹ thuật phần mềm,368,1230,22.37,24.99
2019,ĐH Công nghiệp TP.HCM,Trí tuệ nhân tạo,204,886,19.73,23.77
2019,ĐH Công nghiệp TP.HCM,Khoa học dữ liệu,294,2273,25.62,30.0
2019,ĐH Công nghiệp TP.HCM,Quản trị kinh doanh,542,1999,19.53,23.76
2019,ĐH Công nghiệp TP.HCM,Marketing,350,2219,21.96,27.84
2019,ĐH Công nghiệp TP.HCM,Tài chính - Ngân hàng,552,4387,17.62,24.45
2019,ĐH Công nghiệp TP.HCM,Kế toán,417,2316,25.25,30.0
2019,ĐH Công nghiệp TP.HCM,Logistics và quản lý chuỗi cung ứng,336,2151,22.21,29.39
2019,ĐH Công nghiệp TP.HCM,Luật,191,1356,25.67,30.0
2019,ĐH Công nghiệp TP.HCM,Ngôn ngữ Anh,269,708,23.99,26.71
2020,ĐH Bách Khoa TP.HCM,Công nghệ thông tin,232,1690,25.72,30.0
2020,ĐH Bách Khoa TP.HCM,Khoa học máy tính,462,1557,26.09,28.61
2020,ĐH Bách Khoa TP.HCM,Kỹ thuật phần mềm,357,2496,22.07,28.27
2020,ĐH Bách Khoa TP.HCM,Trí tuệ nhân tạo,212,1136,18.16,22.02
2020,ĐH Bách Khoa TP.HCM,Khoa học dữ liệu,547,2866,24.8,29.21
2020,ĐH Bách Khoa TP.HCM,Quản trị kinh doanh,323,2274,20.92,27.86
2020,ĐH Bách Khoa TP.HCM,Marketing,136,355,26.37,28.98
2020,ĐH Bách Khoa TP.HCM,Tài chính - Ngân hàng,116,768,24.09,29.87
2020,ĐH Bách Khoa TP.HCM,Kế toán,121,692,17.46,22.9
2020,ĐH Bách Khoa TP.HCM,Logistics và quản lý chuỗi cung ứng,480,2064,17.66,22.3
2020,ĐH Bách Khoa TP.HCM,Luật,466,2298,24.7,28.48
2020,ĐH Bách Khoa TP.HCM,Ngôn ngữ Anh,384,2943,18.02,25.27
2020,ĐH Khoa học Tự nhiên TP.HCM,Công nghệ thông tin,370,2504,23.94,29.88
2020,ĐH Khoa học Tự nhiên TP.HCM,Khoa học máy tính,121,337,25.68,28.6
2020,ĐH Khoa học Tự nhiên TP.HCM,Kỹ thuật phần mềm,539,2476,26.44,29.82
2020,ĐH Khoa học Tự nhiên TP.HCM,Trí tuệ nhân tạo,540,2513,20.12,25.15
2020,ĐH Khoa học Tự nhiên TP.HCM,Khoa học dữ liệu,521,1760,19.13,20.87
2020,ĐH Khoa học Tự nhiên TP.HCM,Quản trị kinh doanh,370,1786,22.43,27.27
2020,ĐH Khoa học Tự nhiên TP.HCM,Marketing,572,4125,24.77,30.0
2020,ĐH Khoa học Tự nhiên TP.HCM,Tài chính - Ngân hàng,486,3295,19.94,27.09
2020,ĐH Khoa học Tự nhiên TP.HCM,Kế toán,477,2718,24.97,29.76
2020,ĐH Khoa học Tự nhiên TP.HCM,Logistics và quản lý chuỗi cung ứng,265,888,18.61,23.02
2020,ĐH Khoa học Tự nhiên TP.HCM,Luật,216,1196,21.33,27.03
2020,ĐH Khoa học Tự nhiên TP.HCM,Ngôn ngữ Anh,577,2512,21.8,25.25
2020,ĐH Công nghệ Thông tin (UIT),Công nghệ thông tin,131,778,24.57,30.0
2020,ĐH Công nghệ Thông tin (UIT),Khoa học máy tính,278,731,19.42,22.85
2020,ĐH Công nghệ Thông tin (UIT),Kỹ thuật phần mềm,259,546,21.82,24.13
2020,ĐH Công nghệ Thông tin (UIT),Trí tuệ nhân tạo,341,1349,22.18,24.87
2020,ĐH Công nghệ Thông tin (UIT),Khoa học dữ liệu,560,1397,25.25,27.77
2020,ĐH Công nghệ Thông tin (UIT),Quản trị kinh doanh,242,774,18.67,20.51
2020,ĐH Công nghệ Thông tin (UIT),Marketing,558,1531,25.96,29.55
2020,ĐH Công nghệ Thông tin (UIT),Tài chính - Ngân hàng,140,875,25.71,30.0
2020,ĐH Công nghệ Thông tin (UIT),Kế toán,417,2794,23.12,29.62
2020,ĐH Công nghệ Thông tin (UIT),Logistics và quản lý chuỗi cung ứng,489,3375,21.52,29.22
2020,ĐH Công nghệ Thông tin (UIT),Luật,396,1181,21.39,25.53
2020,ĐH Công nghệ Thông tin (UIT),Ngôn ngữ Anh,124,896,19.19,27.11
2020,ĐH Kinh tế TP.HCM (UEH),Công nghệ thông tin,455,2941,25.72,30.0
2020,ĐH Kinh tế TP.HCM (UEH),Khoa học máy tính,158,932,19.0,23.46
2020,ĐH Kinh tế TP.HCM (UEH),Kỹ thuật phần mềm,192,865,19.04,24.35
2020,ĐH Kinh tế TP.HCM (UEH),Trí tuệ nhân tạo,392,1597,20.71,25.0
2020,ĐH Kinh tế TP.HCM (UEH),Khoa học dữ liệu,251,1320,22.14,27.05
2020,ĐH Kinh tế TP.HCM (UEH),Quản trị kinh doanh,327,2367,26.01,30.0
2020,ĐH Kinh tế TP.HCM (UEH),Marketing,525,4175,19.84,26.5
2020,ĐH Kinh tế TP.HCM (UEH),Tài chính - Ngân hàng,120,767,18.32,23.11
2020,ĐH Kinh tế TP.HCM (UEH),Kế toán,339,1902,23.33,26.73
2020,ĐH Kinh tế TP.HCM (UEH),Logistics và quản lý chuỗi cung ứng,521,2580,19.47,24.78
2020,ĐH Kinh tế TP.HCM (UEH),Luật,210,1167,22.79,28.28
2020,ĐH Kinh tế TP.HCM (UEH),Ngôn ngữ Anh,444,3470,19.58,26.51
2020,ĐH Ngoại thương,Công nghệ thông tin,548,3639,18.31,24.11
2020,ĐH Ngoại thương,Khoa học máy tính,294,1367,20.31,24.36
2020,ĐH Ngoại thương,Kỹ thuật phần mềm,431,3005,21.31,28.23
2020,ĐH Ngoại thương,Trí tuệ nhân tạo,163,677,20.79,25.29
2020,ĐH Ngoại thương,Khoa học dữ liệu,274,1639,21.75,27.93
2020,ĐH Ngoại thương,Quản trị kinh doanh,306,1636,22.4,27.44
2020,ĐH Ngoại thương,Marketing,433,1014,22.31,25.57
2020,ĐH Ngoại thương,Tài chính - Ngân hàng,424,1110,22.85,25.52
2020,ĐH Ngoại thương,Kế toán,375,2969,26.65,30.0
2020,ĐH Ngoại thương,Logistics và quản lý chuỗi cung ứng,284,1556,19.54,24.88
2020,ĐH Ngoại thương,Luật,506,3036,18.4,23.9
2020,ĐH Ngoại thương,Ngôn ngữ Anh,333,2130,18.62,23.42
2020,ĐH Kinh tế Quốc dân,Công nghệ thông tin,363,1066,19.35,23.22
2020,ĐH Kinh tế Quốc dân,Khoa học máy tính,218,1671,23.83,30.0
2020,ĐH Kinh tế Quốc dân,Kỹ thuật phần mềm,244,1704,25.65,30.0
2020,ĐH Kinh tế Quốc dân,Trí tuệ nhân tạo,551,3338,19.16,24.78
2020,ĐH Kinh tế Quốc dân,Khoa học dữ liệu,152,912,22.77,28.27
2020,ĐH Kinh tế Quốc dân,Quản trị kinh doanh,162,1273,21.07,28.1
2020,ĐH Kinh tế Quốc dân,Marketing,172,437,19.89,22.46
2020,ĐH Kinh tế Quốc dân,Tài chính - Ngân hàng,231,1387,25.08,30.0
2020,ĐH Kinh tế Quốc dân,Kế toán,588,2295,25.69,29.72
2020,ĐH Kinh tế Quốc dân,Logistics và quản lý chuỗi cung ứng,312,1231,20.66,23.37
2020,ĐH Kinh tế Quốc dân,Luật,504,2158,22.48,25.28
2020,ĐH Kinh tế Quốc dân,Ngôn ngữ Anh,201,490,23.03,26.63
2020,ĐH Sư phạm TP.HCM,Công nghệ thông tin,429,2812,22.0,27.09
2020,ĐH Sư phạm TP.HCM,Khoa học máy tính,327,1846,24.65,30.0
2020,ĐH Sư phạm TP.HCM,Kỹ thuật phần mềm,597,3756,22.21,28.98
2020,ĐH Sư phạm TP.HCM,Trí tuệ nhân tạo,216,1595,19.43,26.69
2020,ĐH Sư phạm TP.HCM,Khoa học dữ liệu,370,1177,21.79,24.56
2020,ĐH Sư phạm TP.HCM,Quản trị kinh doanh,472,1750,20.07,23.27
2020,ĐH Sư phạm TP.HCM,Marketing,390,2139,17.9,23.43
2020,ĐH Sư phạm TP.HCM,Tài chính - Ngân hàng,189,516,18.81,21.58
2020,ĐH Sư phạm TP.HCM,Kế toán,173,1176,18.85,24.44
2020,ĐH Sư phạm TP.HCM,Logistics và quản lý chuỗi cung ứng,539,4192,21.84,29.68
2020,ĐH Sư phạm TP.HCM,Luật,484,2052,22.26,27.17
2020,ĐH Sư phạm TP.HCM,Ngôn ngữ Anh,125,409,23.11,26.28
2020,ĐH Luật TP.HCM,Công nghệ thông tin,224,1665,24.7,30.0
2020,ĐH Luật TP.HCM,Khoa học máy tính,251,1740,21.24,27.18
2020,ĐH Luật TP.HCM,Kỹ thuật phần mềm,245,1616,18.5,24.16
2020,ĐH Luật TP.HCM,Trí tuệ nhân tạo,207,1485,19.17,24.81
2020,ĐH Luật TP.HCM,Khoa học dữ liệu,531,2056,19.3,21.68
2020,ĐH Luật TP.HCM,Quản trị kinh doanh,176,979,21.97,28.21
2020,ĐH Luật TP.HCM,Marketing,390,2177,23.76,29.83
2020,ĐH Luật TP.HCM,Tài chính - Ngân hàng,558,4434,18.28,24.73
2020,ĐH Luật TP.HCM,Kế toán,317,1275,26.06,30.0
2020,ĐH Luật TP.HCM,Logistics và quản lý chuỗi cung ứng,263,828,20.23,22.0
2020,ĐH Luật TP.HCM,Luật,524,2988,21.42,26.81
2020,ĐH Luật TP.HCM,Ngôn ngữ Anh,259,1357,25.8,30.0
2020,ĐH Ngân hàng TP.HCM,Công nghệ thông tin,399,1574,20.33,25.22
2020,ĐH Ngân hàng TP.HCM,Khoa học máy tính,385,1540,22.8,26.18
2020,ĐH Ngân hàng TP.HCM,Kỹ thuật phần mềm,552,1684,23.9,25.78
2020,ĐH Ngân hàng TP.HCM,Trí tuệ nhân tạo,220,1524,17.01,23.12
2020,ĐH Ngân hàng TP.HCM,Khoa học dữ liệu,235,1591,26.27,30.0
2020,ĐH Ngân hàng TP.HCM,Quản trị kinh doanh,104,668,24.69,30.0
2020,ĐH Ngân hàng TP.HCM,Marketing,385,1973,23.24,27.06
2020,ĐH Ngân hàng TP.HCM,Tài chính - Ngân hàng,371,1870,18.59,22.84
2020,ĐH Ngân hàng TP.HCM,Kế toán,391,1493,19.63,21.87
2020,ĐH Ngân hàng TP.HCM,Logistics và quản lý chuỗi cung ứng,279,1026,26.42,30.0
2020,ĐH Ngân hàng TP.HCM,Luật,361,2713,21.97,29.29
2020,ĐH Ngân hàng TP.HCM,Ngôn ngữ Anh,338,1481,22.4,26.9
2020,ĐH Công nghiệp TP.HCM,Công nghệ thông tin,257,1867,25.68,30.0
2020,ĐH Công nghiệp TP.HCM,Khoa học máy tính,172,676,17.23,20.98
2020,ĐH Công nghiệp TP.HCM,Kỹ thuật phần mềm,518,2111,26.76,30.0
2020,ĐH Công nghiệp TP.HCM,Trí tuệ nhân tạo,409,1587,23.06,26.27
2020,ĐH Công nghiệp TP.HCM,Khoa học dữ liệu,435,2866,18.75,24.14
2020,ĐH Công nghiệp TP.HCM,Quản trị kinh doanh,216,589,21.78,24.17
2020,ĐH Công nghiệp TP.HCM,Marketing,178,1384,22.5,29.17
2020,ĐH Công nghiệp TP.HCM,Tài chính - Ngân hàng,433,3142,19.78,26.51
2020,ĐH Công nghiệp TP.HCM,Kế toán,259,853,23.2,26.34
2020,ĐH Công nghiệp TP.HCM,Logistics và quản lý chuỗi cung ứng,229,1123,24.54,30.0
2020,ĐH Công nghiệp TP.HCM,Luật,562,4440,19.39,25.88
2020,ĐH Công nghiệp TP.HCM,Ngôn ngữ Anh,470,1441,23.92,26.52
2021,ĐH Bách Khoa TP.HCM,Công nghệ thông tin,359,2864,25.14,30.0
2021,ĐH Bách Khoa TP.HCM,Khoa học máy tính,223,1580,24.24,30.0
2021,ĐH Bách Khoa TP.HCM,Kỹ thuật phần mềm,290,1362,18.95,23.77
2021,ĐH Bách Khoa TP.HCM,Trí tuệ nhân tạo,328,1417,26.64,29.96
2021,ĐH Bách Khoa TP.HCM,Khoa học dữ liệu,161,786,17.19,20.91
2021,ĐH Bách Khoa TP.HCM,Quản trị kinh doanh,522,2982,20.24,26.46
2021,ĐH Bách Khoa TP.HCM,Marketing,592,4650,25.02,30.0
2021,ĐH Bách Khoa TP.HCM,Tài chính - Ngân hàng,287,1686,21.99,26.92
2021,ĐH Bách Khoa TP.HCM,Kế toán,216,1064,18.5,22.62
2021,ĐH Bách Khoa TP.HCM,Logistics và quản lý chuỗi cung ứng,332,1887,25.6,30.0
2021,ĐH Bách Khoa TP.HCM,Luật,141,1036,26.55,30.0
2021,ĐH Bách Khoa TP.HCM,Ngôn ngữ Anh,159,390,19.79,22.39
2021,ĐH Khoa học Tự nhiên TP.HCM,Công nghệ thông tin,543,3631,25.25,30.0
2021,ĐH Khoa học Tự nhiên TP.HCM,Khoa học máy tính,532,3023,17.67,21.67
2021,ĐH Khoa học Tự nhiên TP.HCM,Kỹ thuật phần mềm,566,1490,26.88,29.76
2021,ĐH Khoa học Tự nhiên TP.HCM,Trí tuệ nhân tạo,534,1296,17.12,21.15
2021,ĐH Khoa học Tự nhiên TP.HCM,Khoa học dữ liệu,376,1626,21.62,26.33
2021,ĐH Khoa học Tự nhiên TP.HCM,Quản trị kinh doanh,541,1401,23.6,27.36
2021,ĐH Khoa học Tự nhiên TP.HCM,Marketing,419,1904,17.83,22.2
2021,ĐH Khoa học Tự nhiên TP.HCM,Tài chính - Ngân hàng,459,2638,20.82,25.67
2021,ĐH Khoa học Tự nhiên TP.HCM,Kế toán,148,522,19.61,22.02
2021,ĐH Khoa học Tự nhiên TP.HCM,Logistics và quản lý chuỗi cung ứng,354,2765,24.99,30.0
2021,ĐH Khoa học Tự nhiên TP.HCM,Luật,587,1575,21.86,26.73
2021,ĐH Khoa học Tự nhiên TP.HCM,Ngôn ngữ Anh,325,899,20.38,24.18
2021,ĐH Công nghệ Thông tin (UIT),Công nghệ thông tin,282,724,20.76,22.66
2021,ĐH Công nghệ Thông tin (UIT),Khoa học máy tính,599,2063,18.22,20.61
2021,ĐH Công nghệ Thông tin (UIT),Kỹ thuật phần mềm,273,566,26.92,29.75
2021,ĐH Công nghệ Thông tin (UIT),Trí tuệ nhân tạo,367,2757,19.52,26.75
2021,ĐH Công nghệ Thông tin (UIT),Khoa học dữ liệu,248,1951,24.48,30.0
2021,ĐH Công nghệ Thông tin (UIT),Quản trị kinh doanh,444,3385,17.43,23.26
2021,ĐH Công nghệ Thông tin (UIT),Marketing,128,782,17.92,23.83
2021,ĐH Công nghệ Thông tin (UIT),Tài chính - Ngân hàng,143,914,22.42,28.5
2021,ĐH Công nghệ Thông tin (UIT),Kế toán,283,1605,18.06,22.68
2021,ĐH Công nghệ Thông tin (UIT),Logistics và quản lý chuỗi cung ứng,380,2495,18.6,24.07
2021,ĐH Công nghệ Thông tin (UIT),Luật,243,1669,24.42,30.0
2021,ĐH Công nghệ Thông tin (UIT),Ngôn ngữ Anh,419,2849,19.04,25.05
2021,ĐH Kinh tế TP.HCM (UEH),Công nghệ thông tin,483,3328,23.15,30.0
2021,ĐH Kinh tế TP.HCM (UEH),Khoa học máy tính,519,1054,24.61,24.28
2021,ĐH Kinh tế TP.HCM (UEH),Kỹ thuật phần mềm,308,636,24.5,27.72
2021,ĐH Kinh tế TP.HCM (UEH),Trí tuệ nhân tạo,322,1234,25.77,30.0
2021,ĐH Kinh tế TP.HCM (UEH),Khoa học dữ liệu,231,996,23.43,27.78
2021,ĐH Kinh tế TP.HCM (UEH),Quản trị kinh doanh,329,1472,23.96,26.88
2021,ĐH Kinh tế TP.HCM (UEH),Marketing,137,411,18.81,22.02
2021,ĐH Kinh tế TP.HCM (UEH),Tài chính - Ngân hàng,320,1873,17.65,23.08
2021,ĐH Kinh tế TP.HCM (UEH),Kế toán,154,957,17.53,24.21
2021,ĐH Kinh tế TP.HCM (UEH),Logistics và quản lý chuỗi cung ứng,287,1994,21.98,28.44
2021,ĐH Kinh tế TP.HCM (UEH),Luật,505,3117,24.46,30.0
2021,ĐH Kinh tế TP.HCM (UEH),Ngôn ngữ Anh,118,547,18.47,22.14
2021,ĐH Ngoại thương,Công nghệ thông tin,282,963,20.71,23.39
2021,ĐH Ngoại thương,Khoa học máy tính,412,3130,23.43,30.0
2021,ĐH Ngoại thương,Kỹ thuật phần mềm,359,1786,18.78,23.98
2021,ĐH Ngoại thương,Trí tuệ nhân tạo,237,949,17.26,19.19
2021,ĐH Ngoại thương,Khoa học dữ liệu,353,1948,23.98,29.75
2021,ĐH Ngoại thương,Quản trị kinh doanh,168,1184,18.86,26.31
2021,ĐH Ngoại thương,Marketing,173,1318,24.06,30.0
2021,ĐH Ngoại thương,Tài chính - Ngân hàng,199,1312,18.59,24.99
2021,ĐH Ngoại thương,Kế toán,287,1260,26.23,29.7
2021,ĐH Ngoại thương,Logistics và quản lý chuỗi cung ứng,369,1290,19.72,22.99
2021,ĐH Ngoại thương,Luật,205,1449,19.68,26.1
2021,ĐH Ngoại thương,Ngôn ngữ Anh,120,623,21.11,26.84
2021,ĐH Kinh tế Quốc dân,Công nghệ thông tin,226,773,24.32,28.35
2021,ĐH Kinh tế Quốc dân,Khoa học máy tính,475,1691,24.31,28.45
2021,ĐH Kinh tế Quốc dân,Kỹ thuật phần mềm,181,519,24.25,25.57
2021,ĐH Kinh tế Quốc dân,Trí tuệ nhân tạo,440,2486,20.5,24.28
2021,ĐH Kinh tế Quốc dân,Khoa học dữ liệu,277,1750,21.18,26.44
2021,ĐH Kinh tế Quốc dân,Quản trị kinh doanh,251,674,25.6,29.79
2021,ĐH Kinh tế Quốc dân,Marketing,268,1809,22.49,29.28
2021,ĐH Kinh tế Quốc dân,Tài chính - Ngân hàng,429,1284,26.46,29.78
2021,ĐH Kinh tế Quốc dân,Kế toán,165,426,25.62,27.51
2021,ĐH Kinh tế Quốc dân,Logistics và quản lý chuỗi cung ứng,594,3014,25.06,30.0
2021,ĐH Kinh tế Quốc dân,Luật,291,1968,21.97,27.95
2021,ĐH Kinh tế Quốc dân,Ngôn ngữ Anh,167,1092,22.19,28.25
2021,ĐH Sư phạm TP.HCM,Công nghệ thông tin,312,1858,18.62,23.67
2021,ĐH Sư phạm TP.HCM,Khoa học máy tính,383,2540,17.27,22.86
2021,ĐH Sư phạm TP.HCM,Kỹ thuật phần mềm,353,1433,19.82,23.09
2021,ĐH Sư phạm TP.HCM,Trí tuệ nhân tạo,378,2620,20.8,28.5
2021,ĐH Sư phạm TP.HCM,Khoa học dữ liệu,406,1288,18.87,21.78
2021,ĐH Sư phạm TP.HCM,Quản trị kinh doanh,584,3391,24.98,29.71
2021,ĐH Sư phạm TP.HCM,Marketing,531,3919,22.2,28.15
2021,ĐH Sư phạm TP.HCM,Tài chính - Ngân hàng,435,3107,26.06,30.0
2021,ĐH Sư phạm TP.HCM,Kế toán,139,700,22.98,27.5
2021,ĐH Sư phạm TP.HCM,Logistics và quản lý chuỗi cung ứng,275,800,21.4,23.94
2021,ĐH Sư phạm TP.HCM,Luật,345,2463,18.18,24.62
2021,ĐH Sư phạm TP.HCM,Ngôn ngữ Anh,257,1492,18.66,24.81
2021,ĐH Luật TP.HCM,Công nghệ thông tin,322,1911,18.3,23.88
2021,ĐH Luật TP.HCM,Khoa học máy tính,232,1819,20.37,27.48
2021,ĐH Luật TP.HCM,Kỹ thuật phần mềm,585,3068,24.1,29.37
2021,ĐH Luật TP.HCM,Trí tuệ nhân tạo,463,1798,19.54,23.79
2021,ĐH Luật TP.HCM,Khoa học dữ liệu,175,701,18.74,22.6
2021,ĐH Luật TP.HCM,Quản trị kinh doanh,140,901,18.91,24.85
2021,ĐH Luật TP.HCM,Marketing,378,2164,20.52,26.79
2021,ĐH Luật TP.HCM,Tài chính - Ngân hàng,518,1132,24.39,25.67
2021,ĐH Luật TP.HCM,Kế toán,582,3560,17.7,22.43
2021,ĐH Luật TP.HCM,Logistics và quản lý chuỗi cung ứng,555,1351,17.77,20.09
2021,ĐH Luật TP.HCM,Luật,541,2746,20.05,24.48
2021,ĐH Luật TP.HCM,Ngôn ngữ Anh,559,1898,25.07,27.46
2021,ĐH Ngân hàng TP.HCM,Công nghệ thông tin,306,1089,26.07,29.21
2021,ĐH Ngân hàng TP.HCM,Khoa học máy tính,475,2031,19.27,23.11
2021,ĐH Ngân hàng TP.HCM,Kỹ thuật phần mềm,289,1237,26.77,29.63
2021,ĐH Ngân hàng TP.HCM,Trí tuệ nhân tạo,443,958,26.66,27.92
2021,ĐH Ngân hàng TP.HCM,Khoa học dữ liệu,182,1426,25.26,30.0
2021,ĐH Ngân hàng TP.HCM,Quản trị kinh doanh,223,1555,19.82,28.26
2021,ĐH Ngân hàng TP.HCM,Marketing,497,1645,18.2,19.41
2021,ĐH Ngân hàng TP.HCM,Tài chính - Ngân hàng,241,1347,19.97,25.05
2021,ĐH Ngân hàng TP.HCM,Kế toán,321,1795,17.64,23.41
2021,ĐH Ngân hàng TP.HCM,Logistics và quản lý chuỗi cung ứng,185,1360,18.85,25.21
2021,ĐH Ngân hàng TP.HCM,Luật,576,4048,19.85,26.69
2021,ĐH Ngân hàng TP.HCM,Ngôn ngữ Anh,568,2913,17.64,22.69
2021,ĐH Công nghiệp TP.HCM,Công nghệ thông tin,550,2711,24.38,28.34
2021,ĐH Công nghiệp TP.HCM,Khoa học máy tính,246,1809,21.43,28.36
2021,ĐH Công nghiệp TP.HCM,Kỹ thuật phần mềm,406,1896,24.89,29.05
2021,ĐH Công nghiệp TP.HCM,Trí tuệ nhân tạo,359,1546,21.88,26.46
2021,ĐH Công nghiệp TP.HCM,Khoa học dữ liệu,293,1063,21.73,25.79
2021,ĐH Công nghiệp TP.HCM,Quản trị kinh doanh,313,1103,20.62,22.96
2021,ĐH Công nghiệp TP.HCM,Marketing,317,2359,19.39,25.33
2021,ĐH Công nghiệp TP.HCM,Tài chính - Ngân hàng,454,1442,23.11,24.1
2021,ĐH Công nghiệp TP.HCM,Kế toán,411,2279,22.37,27.96
2021,ĐH Công nghiệp TP.HCM,Logistics và quản lý chuỗi cung ứng,394,2685,22.72,29.5
2021,ĐH Công nghiệp TP.HCM,Luật,462,1047,19.78,23.14
2021,ĐH Công nghiệp TP.HCM,Ngôn ngữ Anh,376,1530,22.07,26.33
2022,ĐH Bách Khoa TP.HCM,Công nghệ thông tin,496,3002,17.45,23.85
2022,ĐH Bách Khoa TP.HCM,Khoa học máy tính,171,1273,24.14,30.0
2022,ĐH Bách Khoa TP.HCM,Kỹ thuật phần mềm,339,1281,24.18,29.47
2022,ĐH Bách Khoa TP.HCM,Trí tuệ nhân tạo,273,629,19.58,20.87
2022,ĐH Bách Khoa TP.HCM,Khoa học dữ liệu,274,1980,19.57,27.09
2022,ĐH Bách Khoa TP.HCM,Quản trị kinh doanh,584,1592,21.19,25.2
2022,ĐH Bách Khoa TP.HCM,Marketing,324,1433,20.21,26.16
2022,ĐH Bách Khoa TP.HCM,Tài chính - Ngân hàng,301,1255,22.94,24.88
2022,ĐH Bách Khoa TP.HCM,Kế toán,309,875,18.16,20.21
2022,ĐH Bách Khoa TP.HCM,Logistics và quản lý chuỗi cung ứng,216,1601,17.66,23.99
2022,ĐH Bách Khoa TP.HCM,Luật,395,2733,23.95,29.97
2022,ĐH Bách Khoa TP.HCM,Ngôn ngữ Anh,562,1271,18.23,20.57
2022,ĐH Khoa học Tự nhiên TP.HCM,Công nghệ thông tin,322,1545,25.17,29.1
2022,ĐH Khoa học Tự nhiên TP.HCM,Khoa học máy tính,519,3133,19.75,24.64
2022,ĐH Khoa học Tự nhiên TP.HCM,Kỹ thuật phần mềm,221,1224,19.26,25.44
2022,ĐH Khoa học Tự nhiên TP.HCM,Trí tuệ nhân tạo,140,642,20.19,23.92
2022,ĐH Khoa học Tự nhiên TP.HCM,Khoa học dữ liệu,412,891,20.93,22.39
2022,ĐH Khoa học Tự nhiên TP.HCM,Quản trị kinh doanh,106,302,25.9,28.27
2022,ĐH Khoa học Tự nhiên TP.HCM,Marketing,247,997,22.17,25.93
2022,ĐH Khoa học Tự nhiên TP.HCM,Tài chính - Ngân hàng,468,2837,23.06,29.13
2022,ĐH Khoa học Tự nhiên TP.HCM,Kế toán,215,1178,22.6,25.96
2022,ĐH Khoa học Tự nhiên TP.HCM,Logistics và quản lý chuỗi cung ứng,253,565,17.31,19.27
2022,ĐH Khoa học Tự nhiên TP.HCM,Luật,333,1456,20.13,22.62
2022,ĐH Khoa học Tự nhiên TP.HCM,Ngôn ngữ Anh,221,596,26.56,28.64
2022,ĐH Công nghệ Thông tin (UIT),Công nghệ thông tin,186,867,26.95,30.0
2022,ĐH Công nghệ Thông tin (UIT),Khoa học máy tính,225,975,20.86,24.04
2022,ĐH Công nghệ Thông tin (UIT),Kỹ thuật phần mềm,167,1316,21.78,28.85
2022,ĐH Công nghệ Thông tin (UIT),Trí tuệ nhân tạo,442,2052,20.02,23.32
2022,ĐH Công nghệ Thông tin (UIT),Khoa học dữ liệu,150,459,22.07,25.91
2022,ĐH Công nghệ Thông tin (UIT),Quản trị kinh doanh,423,1727,22.8,25.36
2022,ĐH Công nghệ Thông tin (UIT),Marketing,582,1689,25.17,27.59
2022,ĐH Công nghệ Thông tin (UIT),Tài chính - Ngân hàng,437,2508,22.69,28.91
2022,ĐH Công nghệ Thông tin (UIT),Kế toán,264,1685,18.48,25.73
2022,ĐH Công nghệ Thông tin (UIT),Logistics và quản lý chuỗi cung ứng,163,905,22.99,27.95
2022,ĐH Công nghệ Thông tin (UIT),Luật,146,1054,18.31,25.98
2022,ĐH Công nghệ Thông tin (UIT),Ngôn ngữ Anh,119,571,17.34,22.97
2022,ĐH Kinh tế TP.HCM (UEH),Công nghệ thông tin,470,2244,26.81,30.0
2022,ĐH Kinh tế TP.HCM (UEH),Khoa học máy tính,349,1727,22.22,27.68
2022,ĐH Kinh tế TP.HCM (UEH),Kỹ thuật phần mềm,506,2185,22.11,26.81
2022,ĐH Kinh tế TP.HCM (UEH),Trí tuệ nhân tạo,561,2656,21.43,26.32
2022,ĐH Kinh tế TP.HCM (UEH),Khoa học dữ liệu,338,1839,26.56,30.0
2022,ĐH Kinh tế TP.HCM (UEH),Quản trị kinh doanh,451,1552,20.12,22.61
2022,ĐH Kinh tế TP.HCM (UEH),Marketing,424,2146,23.27,29.2
2022,ĐH Kinh tế TP.HCM (UEH),Tài chính - Ngân hàng,448,978,25.72,27.73
2022,ĐH Kinh tế TP.HCM (UEH),Kế toán,419,1590,20.59,24.52
2022,ĐH Kinh tế TP.HCM (UEH),Logistics và quản lý chuỗi cung ứng,156,1054,26.91,30.0
2022,ĐH Kinh tế TP.HCM (UEH),Luật,381,2655,19.95,25.5
2022,ĐH Kinh tế TP.HCM (UEH),Ngôn ngữ Anh,100,241,17.06,20.96
2022,ĐH Ngoại thương,Công nghệ thông tin,287,1708,24.66,30.0
2022,ĐH Ngoại thương,Khoa học máy tính,364,2307,19.8,26.36
2022,ĐH Ngoại thương,Kỹ thuật phần mềm,578,1384,20.49,20.62
2022,ĐH Ngoại thương,Trí tuệ nhân tạo,523,1400,25.42,27.44
2022,ĐH Ngoại thương,Khoa học dữ liệu,457,1051,17.73,19.13
2022,ĐH Ngoại thương,Quản trị kinh doanh,394,1736,19.93,22.66
2022,ĐH Ngoại thương,Marketing,154,1145,20.21,27.42
2022,ĐH Ngoại thương,Tài chính - Ngân hàng,536,1180,19.15,20.35
2022,ĐH Ngoại thương,Kế toán,380,1040,25.89,29.87
2022,ĐH Ngoại thương,Logistics và quản lý chuỗi cung ứng,555,2957,23.37,27.67
2022,ĐH Ngoại thương,Luật,277,1740,25.23,30.0
2022,ĐH Ngoại thương,Ngôn ngữ Anh,304,2280,24.21,30.0
2022,ĐH Kinh tế Quốc dân,Công nghệ thông tin,514,1904,18.34,21.86
2022,ĐH Kinh tế Quốc dân,Khoa học máy tính,195,1084,25.96,30.0
2022,ĐH Kinh tế Quốc dân,Kỹ thuật phần mềm,363,734,19.47,21.77
2022,ĐH Kinh tế Quốc dân,Trí tuệ nhân tạo,164,455,22.65,26.2
2022,ĐH Kinh tế Quốc dân,Khoa học dữ liệu,551,3710,25.92,30.0
2022,ĐH Kinh tế Quốc dân,Quản trị kinh doanh,559,3382,18.16,22.98
2022,ĐH Kinh tế Quốc dân,Marketing,512,2214,23.33,28.57
2022,ĐH Kinh tế Quốc dân,Tài chính - Ngân hàng,516,1894,18.3,23.03
2022,ĐH Kinh tế Quốc dân,Kế toán,380,1439,18.05,22.19
2022,ĐH Kinh tế Quốc dân,Logistics và quản lý chuỗi cung ứng,200,998,20.85,26.65
2022,ĐH Kinh tế Quốc dân,Luật,454,2154,19.09,22.89
2022,ĐH Kinh tế Quốc dân,Ngôn ngữ Anh,588,1832,22.52,25.2
2022,ĐH Sư phạm TP.HCM,Công nghệ thông tin,485,1586,23.57,26.48
2022,ĐH Sư phạm TP.HCM,Khoa học máy tính,208,1357,17.36,23.36
2022,ĐH Sư phạm TP.HCM,Kỹ thuật phần mềm,363,2145,24.39,28.67
2022,ĐH Sư phạm TP.HCM,Trí tuệ nhân tạo,587,2822,22.79,27.14
2022,ĐH Sư phạm TP.HCM,Khoa học dữ liệu,334,1405,17.58,19.43
2022,ĐH Sư phạm TP.HCM,Quản trị kinh doanh,152,931,19.42,26.36
2022,ĐH Sư phạm TP.HCM,Marketing,357,755,18.24,18.57
2022,ĐH Sư phạm TP.HCM,Tài chính - Ngân hàng,116,862,19.67,27.07
2022,ĐH Sư phạm TP.HCM,Kế toán,508,3952,22.19,30.0
2022,ĐH Sư phạm TP.HCM,Logistics và quản lý chuỗi cung ứng,274,909,18.32,22.07
2022,ĐH Sư phạm TP.HCM,Luật,280,688,20.83,22.71
2022,ĐH Sư phạm TP.HCM,Ngôn ngữ Anh,323,1214,24.73,27.59
2022,ĐH Luật TP.HCM,Công nghệ thông tin,343,2006,22.71,28.72
2022,ĐH Luật TP.HCM,Khoa học máy tính,327,2315,17.24,26.12
2022,ĐH Luật TP.HCM,Kỹ thuật phần mềm,324,1826,19.91,24.55
2022,ĐH Luật TP.HCM,Trí tuệ nhân tạo,325,1593,24.47,29.11
2022,ĐH Luật TP.HCM,Khoa học dữ liệu,317,1741,26.9,30.0
2022,ĐH Luật TP.HCM,Quản trị kinh doanh,430,3343,17.76,24.84
2022,ĐH Luật TP.HCM,Marketing,158,1003,23.2,29.95
2022,ĐH Luật TP.HCM,Tài chính - Ngân hàng,438,1262,25.11,28.8
2022,ĐH Luật TP.HCM,Kế toán,594,1772,23.43,27.09
2022,ĐH Luật TP.HCM,Logistics và quản lý chuỗi cung ứng,537,2588,25.9,30.0
2022,ĐH Luật TP.HCM,Luật,341,2093,26.31,30.0
2022,ĐH Luật TP.HCM,Ngôn ngữ Anh,325,1121,22.01,25.38
2022,ĐH Ngân hàng TP.HCM,Công nghệ thông tin,552,3160,26.29,30.0
2022,ĐH Ngân hàng TP.HCM,Khoa học máy tính,322,728,18.66,20.86
2022,ĐH Ngân hàng TP.HCM,Kỹ thuật phần mềm,527,3892,23.74,29.58
2022,ĐH Ngân hàng TP.HCM,Trí tuệ nhân tạo,450,1553,26.61,29.18
2022,ĐH Ngân hàng TP.HCM,Khoa học dữ liệu,454,2265,21.07,26.12
2022,ĐH Ngân hàng TP.HCM,Quản trị kinh doanh,456,2107,22.94,26.17
2022,ĐH Ngân hàng TP.HCM,Marketing,473,982,17.14,19.64
2022,ĐH Ngân hàng TP.HCM,Tài chính - Ngân hàng,372,2887,22.21,30.0
2022,ĐH Ngân hàng TP.HCM,Kế toán,346,1507,25.54,29.79
2022,ĐH Ngân hàng TP.HCM,Logistics và quản lý chuỗi cung ứng,526,3155,18.63,23.96
2022,ĐH Ngân hàng TP.HCM,Luật,441,3144,23.03,30.0
2022,ĐH Ngân hàng TP.HCM,Ngôn ngữ Anh,255,859,23.34,26.56
2022,ĐH Công nghiệp TP.HCM,Công nghệ thông tin,351,1076,22.15,25.46
2022,ĐH Công nghiệp TP.HCM,Khoa học máy tính,448,2188,23.62,26.66
2022,ĐH Công nghiệp TP.HCM,Kỹ thuật phần mềm,364,1063,26.9,30.0
2022,ĐH Công nghiệp TP.HCM,Trí tuệ nhân tạo,426,1802,20.92,24.77
2022,ĐH Công nghiệp TP.HCM,Khoa học dữ liệu,262,614,21.44,23.87
2022,ĐH Công nghiệp TP.HCM,Quản trị kinh doanh,181,1075,19.4,22.94
2022,ĐH Công nghiệp TP.HCM,Marketing,464,3640,17.28,25.01
2022,ĐH Công nghiệp TP.HCM,Tài chính - Ngân hàng,292,890,25.67,28.45
2022,ĐH Công nghiệp TP.HCM,Kế toán,320,1468,24.19,27.6
2022,ĐH Công nghiệp TP.HCM,Logistics và quản lý chuỗi cung ứng,470,1736,20.53,24.7
2022,ĐH Công nghiệp TP.HCM,Luật,426,3013,21.01,27.46
2022,ĐH Công nghiệp TP.HCM,Ngôn ngữ Anh,491,1530,20.32,24.44
2023,ĐH Bách Khoa TP.HCM,Công nghệ thông tin,511,2972,20.64,25.35
2023,ĐH Bách Khoa TP.HCM,Khoa học máy tính,466,3199,25.36,30.0
2023,ĐH Bách Khoa TP.HCM,Kỹ thuật phần mềm,581,3859,20.53,26.14
2023,ĐH Bách Khoa TP.HCM,Trí tuệ nhân tạo,280,1034,21.25,23.96
2023,ĐH Bách Khoa TP.HCM,Khoa học dữ liệu,353,1863,22.32,27.53
2023,ĐH Bách Khoa TP.HCM,Quản trị kinh doanh,412,3229,19.26,25.55
2023,ĐH Bách Khoa TP.HCM,Marketing,416,1923,25.83,28.32
2023,ĐH Bách Khoa TP.HCM,Tài chính - Ngân hàng,598,3575,24.42,30.0
2023,ĐH Bách Khoa TP.HCM,Kế toán,442,2500,25.96,30.0
2023,ĐH Bách Khoa TP.HCM,Logistics và quản lý chuỗi cung ứng,284,1200,26.02,30.0
2023,ĐH Bách Khoa TP.HCM,Luật,138,458,24.62,27.8
2023,ĐH Bách Khoa TP.HCM,Ngôn ngữ Anh,386,2517,17.21,21.9
2023,ĐH Khoa học Tự nhiên TP.HCM,Công nghệ thông tin,353,1942,26.52,30.0
2023,ĐH Khoa học Tự nhiên TP.HCM,Khoa học máy tính,535,3099,18.3,23.07
2023,ĐH Khoa học Tự nhiên TP.HCM,Kỹ thuật phần mềm,340,1728,22.09,27.11
2023,ĐH Khoa học Tự nhiên TP.HCM,Trí tuệ nhân tạo,478,3260,18.22,23.89
2023,ĐH Khoa học Tự nhiên TP.HCM,Khoa học dữ liệu,225,915,17.31,19.43
2023,ĐH Khoa học Tự nhiên TP.HCM,Quản trị kinh doanh,439,3455,25.57,30.0
2023,ĐH Khoa học Tự nhiên TP.HCM,Marketing,175,1054,21.35,27.09
2023,ĐH Khoa học Tự nhiên TP.HCM,Tài chính - Ngân hàng,199,1336,24.34,29.06
2023,ĐH Khoa học Tự nhiên TP.HCM,Kế toán,438,2931,18.24,26.2
2023,ĐH Khoa học Tự nhiên TP.HCM,Logistics và quản lý chuỗi cung ứng,346,1179,24.05,28.7
2023,ĐH Khoa học Tự nhiên TP.HCM,Luật,476,2477,22.41,26.99
2023,ĐH Khoa học Tự nhiên TP.HCM,Ngôn ngữ Anh,587,1805,25.0,27.03
2023,ĐH Công nghệ Thông tin (UIT),Công nghệ thông tin,303,1018,25.79,30.0
2023,ĐH Công nghệ Thông tin (UIT),Khoa học máy tính,101,730,23.73,30.0
2023,ĐH Công nghệ Thông tin (UIT),Kỹ thuật phần mềm,106,410,26.35,30.0
2023,ĐH Công nghệ Thông tin (UIT),Trí tuệ nhân tạo,599,3620,17.52,23.44
2023,ĐH Công nghệ Thông tin (UIT),Khoa học dữ liệu,225,977,18.91,22.7
2023,ĐH Công nghệ Thông tin (UIT),Quản trị kinh doanh,511,2262,17.68,23.33
2023,ĐH Công nghệ Thông tin (UIT),Marketing,417,1043,20.33,23.56
2023,ĐH Công nghệ Thông tin (UIT),Tài chính - Ngân hàng,183,1103,23.32,27.92
2023,ĐH Công nghệ Thông tin (UIT),Kế toán,502,3369,23.01,30.0
2023,ĐH Công nghệ Thông tin (UIT),Logistics và quản lý chuỗi cung ứng,460,3625,17.68,24.98
2023,ĐH Công nghệ Thông tin (UIT),Luật,116,303,22.48,25.96
2023,ĐH Công nghệ Thông tin (UIT),Ngôn ngữ Anh,567,2572,20.47,24.58
2023,ĐH Kinh tế TP.HCM (UEH),Công nghệ thông tin,486,1570,21.83,24.75
2023,ĐH Kinh tế TP.HCM (UEH),Khoa học máy tính,121,346,22.95,23.86
2023,ĐH Kinh tế TP.HCM (UEH),Kỹ thuật phần mềm,594,4578,19.97,26.74
2023,ĐH Kinh tế TP.HCM (UEH),Trí tuệ nhân tạo,466,2479,23.42,29.97
2023,ĐH Kinh tế TP.HCM (UEH),Khoa học dữ liệu,233,816,23.76,26.94
2023,ĐH Kinh tế TP.HCM (UEH),Quản trị kinh doanh,199,695,17.02,19.83
2023,ĐH Kinh tế TP.HCM (UEH),Marketing,182,479,18.55,23.06
2023,ĐH Kinh tế TP.HCM (UEH),Tài chính - Ngân hàng,478,3170,23.25,29.23
2023,ĐH Kinh tế TP.HCM (UEH),Kế toán,592,2633,17.15,21.5
2023,ĐH Kinh tế TP.HCM (UEH),Logistics và quản lý chuỗi cung ứng,484,1608,24.26,26.93
2023,ĐH Kinh tế TP.HCM (UEH),Luật,515,3107,26.77,30.0
2023,ĐH Kinh tế TP.HCM (UEH),Ngôn ngữ Anh,518,3802,17.84,25.67
2023,ĐH Ngoại thương,Công nghệ thông tin,466,1655,21.34,25.58
2023,ĐH Ngoại thương,Khoa học máy tính,372,1964,23.71,29.36
2023,ĐH Ngoại thương,Kỹ thuật phần mềm,592,1508,18.99,22.39
2023,ĐH Ngoại thương,Trí tuệ nhân tạo,168,413,26.11,27.66
2023,ĐH Ngoại thương,Khoa học dữ liệu,533,3409,23.07,29.92
2023,ĐH Ngoại thương,Quản trị kinh doanh,374,1855,19.83,25.82
2023,ĐH Ngoại thương,Marketing,486,2770,24.43,30.0
2023,ĐH Ngoại thương,Tài chính - Ngân hàng,589,2688,19.06,24.49
2023,ĐH Ngoại thương,Kế toán,394,1423,20.68,26.23
2023,ĐH Ngoại thương,Logistics và quản lý chuỗi cung ứng,440,1965,25.74,30.0
2023,ĐH Ngoại thương,Luật,329,1502,21.43,25.98
2023,ĐH Ngoại thương,Ngôn ngữ Anh,238,1331,19.01,25.13
2023,ĐH Kinh tế Quốc dân,Công nghệ thông tin,234,546,21.91,25.91
2023,ĐH Kinh tế Quốc dân,Khoa học máy tính,561,1160,21.09,24.46
2023,ĐH Kinh tế Quốc dân,Kỹ thuật phần mềm,440,1303,17.7,20.0
2023,ĐH Kinh tế Quốc dân,Trí tuệ nhân tạo,208,1447,21.46,29.25
2023,ĐH Kinh tế Quốc dân,Khoa học dữ liệu,228,879,19.5,21.99
2023,ĐH Kinh tế Quốc dân,Quản trị kinh doanh,418,1028,25.73,29.66
2023,ĐH Kinh tế Quốc dân,Marketing,401,3000,26.53,30.0
2023,ĐH Kinh tế Quốc dân,Tài chính - Ngân hàng,394,1335,20.19,23.57
2023,ĐH Kinh tế Quốc dân,Kế toán,105,558,22.03,26.25
2023,ĐH Kinh tế Quốc dân,Logistics và quản lý chuỗi cung ứng,564,2294,21.62,25.74
2023,ĐH Kinh tế Quốc dân,Luật,482,2729,18.6,24.89
2023,ĐH Kinh tế Quốc dân,Ngôn ngữ Anh,594,2932,21.3,26.28
2023,ĐH Sư phạm TP.HCM,Công nghệ thông tin,184,1161,24.32,30.0
2023,ĐH Sư phạm TP.HCM,Khoa học máy tính,237,1376,22.82,27.22
2023,ĐH Sư phạm TP.HCM,Kỹ thuật phần mềm,333,1880,19.45,22.41
2023,ĐH Sư phạm TP.HCM,Trí tuệ nhân tạo,498,3235,22.72,30.0
2023,ĐH Sư phạm TP.HCM,Khoa học dữ liệu,236,1060,21.29,26.38
2023,ĐH Sư phạm TP.HCM,Quản trị kinh doanh,548,1765,20.28,24.22
2023,ĐH Sư phạm TP.HCM,Marketing,484,2801,22.33,25.88
2023,ĐH Sư phạm TP.HCM,Tài chính - Ngân hàng,512,2372,26.8,30.0
2023,ĐH Sư phạm TP.HCM,Kế toán,368,1601,25.96,27.48
2023,ĐH Sư phạm TP.HCM,Logistics và quản lý chuỗi cung ứng,340,1927,25.57,30.0
2023,ĐH Sư phạm TP.HCM,Luật,486,2606,23.28,29.19
2023,ĐH Sư phạm TP.HCM,Ngôn ngữ Anh,420,2011,25.74,30.0
2023,ĐH Luật TP.HCM,Công nghệ thông tin,463,1852,24.92,28.8
2023,ĐH Luật TP.HCM,Khoa học máy tính,528,2590,17.13,21.3
2023,ĐH Luật TP.HCM,Kỹ thuật phần mềm,156,1064,26.02,30.0
2023,ĐH Luật TP.HCM,Trí tuệ nhân tạo,391,2771,22.46,29.42
2023,ĐH Luật TP.HCM,Khoa học dữ liệu,181,769,25.04,28.24
2023,ĐH Luật TP.HCM,Quản trị kinh doanh,281,1791,23.08,29.38
2023,ĐH Luật TP.HCM,Marketing,231,1105,24.23,29.72
2023,ĐH Luật TP.HCM,Tài chính - Ngân hàng,148,627,23.32,25.29
2023,ĐH Luật TP.HCM,Kế toán,306,701,22.81,25.59
2023,ĐH Luật TP.HCM,Logistics và quản lý chuỗi cung ứng,417,2843,22.18,28.96
2023,ĐH Luật TP.HCM,Luật,584,1894,24.13,26.17
2023,ĐH Luật TP.HCM,Ngôn ngữ Anh,489,3178,26.08,30.0
2023,ĐH Ngân hàng TP.HCM,Công nghệ thông tin,486,2235,24.74,30.0
2023,ĐH Ngân hàng TP.HCM,Khoa học máy tính,431,2087,24.16,28.13
2023,ĐH Ngân hàng TP.HCM,Kỹ thuật phần mềm,107,591,18.85,25.0
2023,ĐH Ngân hàng TP.HCM,Trí tuệ nhân tạo,435,1070,23.96,26.53
2023,ĐH Ngân hàng TP.HCM,Khoa học dữ liệu,445,2093,26.58,30.0
2023,ĐH Ngân hàng TP.HCM,Quản trị kinh doanh,294,2244,23.36,30.0
2023,ĐH Ngân hàng TP.HCM,Marketing,272,1891,21.63,27.99
2023,ĐH Ngân hàng TP.HCM,Tài chính - Ngân hàng,173,1033,25.15,30.0
2023,ĐH Ngân hàng TP.HCM,Kế toán,378,2986,24.87,30.0
2023,ĐH Ngân hàng TP.HCM,Logistics và quản lý chuỗi cung ứng,491,1073,19.6,20.45
2023,ĐH Ngân hàng TP.HCM,Luật,504,3694,25.24,30.0
2023,ĐH Ngân hàng TP.HCM,Ngôn ngữ Anh,316,2334,25.88,30.0
2023,ĐH Công nghiệp TP.HCM,Công nghệ thông tin,512,2364,23.67,27.1
2023,ĐH Công nghiệp TP.HCM,Khoa học máy tính,480,1153,17.95,22.46
2023,ĐH Công nghiệp TP.HCM,Kỹ thuật phần mềm,398,3025,25.01,30.0
2023,ĐH Công nghiệp TP.HCM,Trí tuệ nhân tạo,450,1008,21.11,21.97
2023,ĐH Công nghiệp TP.HCM,Khoa học dữ liệu,599,4402,25.49,30.0
2023,ĐH Công nghiệp TP.HCM,Quản trị kinh doanh,282,1980,23.2,30.0
2023,ĐH Công nghiệp TP.HCM,Marketing,307,1378,21.02,25.05
2023,ĐH Công nghiệp TP.HCM,Tài chính - Ngân hàng,118,549,24.07,27.76
2023,ĐH Công nghiệp TP.HCM,Kế toán,375,2031,25.68,30.0
2023,ĐH Công nghiệp TP.HCM,Logistics và quản lý chuỗi cung ứng,290,948,26.96,30.0
2023,ĐH Công nghiệp TP.HCM,Luật,487,3489,21.61,30.0
2023,ĐH Công nghiệp TP.HCM,Ngôn ngữ Anh,288,1742,23.78,29.03
2024,ĐH Bách Khoa TP.HCM,Công nghệ thông tin,570,4303,23.32,28.65
2024,ĐH Bách Khoa TP.HCM,Khoa học máy tính,281,1026,18.56,22.75
2024,ĐH Bách Khoa TP.HCM,Kỹ thuật phần mềm,359,1609,19.04,20.66
2024,ĐH Bách Khoa TP.HCM,Trí tuệ nhân tạo,529,1596,17.19,22.72
2024,ĐH Bách Khoa TP.HCM,Khoa học dữ liệu,474,1435,21.54,24.73
2024,ĐH Bách Khoa TP.HCM,Quản trị kinh doanh,255,1257,21.02,24.46
2024,ĐH Bách Khoa TP.HCM,Marketing,392,2745,23.43,28.01
2024,ĐH Bách Khoa TP.HCM,Tài chính - Ngân hàng,398,920,17.32,19.53
2024,ĐH Bách Khoa TP.HCM,Kế toán,513,3844,23.16,29.64
2024,ĐH Bách Khoa TP.HCM,Logistics và quản lý chuỗi cung ứng,563,4041,25.86,30.0
2024,ĐH Bách Khoa TP.HCM,Luật,280,1904,25.85,30.0
2024,ĐH Bách Khoa TP.HCM,Ngôn ngữ Anh,564,3234,26.73,30.0
2024,ĐH Khoa học Tự nhiên TP.HCM,Công nghệ thông tin,194,1291,18.28,22.72
2024,ĐH Khoa học Tự nhiên TP.HCM,Khoa học máy tính,372,2646,26.38,30.0
2024,ĐH Khoa học Tự nhiên TP.HCM,Kỹ thuật phần mềm,110,741,21.16,25.72
2024,ĐH Khoa học Tự nhiên TP.HCM,Trí tuệ nhân tạo,315,820,18.67,19.82
2024,ĐH Khoa học Tự nhiên TP.HCM,Khoa học dữ liệu,486,3845,18.66,24.79
2024,ĐH Khoa học Tự nhiên TP.HCM,Quản trị kinh doanh,192,651,18.3,19.9
2024,ĐH Khoa học Tự nhiên TP.HCM,Marketing,148,610,20.02,26.54
2024,ĐH Khoa học Tự nhiên TP.HCM,Tài chính - Ngân hàng,289,815,22.81,26.57
2024,ĐH Khoa học Tự nhiên TP.HCM,Kế toán,337,1304,17.03,19.35
2024,ĐH Khoa học Tự nhiên TP.HCM,Logistics và quản lý chuỗi cung ứng,322,1236,25.22,27.74
2024,ĐH Khoa học Tự nhiên TP.HCM,Luật,283,1183,18.91,22.46
2024,ĐH Khoa học Tự nhiên TP.HCM,Ngôn ngữ Anh,500,3586,20.14,27.07
2024,ĐH Công nghệ Thông tin (UIT),Công nghệ thông tin,266,1429,24.65,30.0
2024,ĐH Công nghệ Thông tin (UIT),Khoa học máy tính,432,2786,21.93,27.75
2024,ĐH Công nghệ Thông tin (UIT),Kỹ thuật phần mềm,310,1844,18.17,25.31
2024,ĐH Công nghệ Thông tin (UIT),Trí tuệ nhân tạo,286,1880,18.26,22.78
2024,ĐH Công nghệ Thông tin (UIT),Khoa học dữ liệu,436,3011,22.1,30.0
2024,ĐH Công nghệ Thông tin (UIT),Quản trị kinh doanh,409,1381,22.53,25.35
2024,ĐH Công nghệ Thông tin (UIT),Marketing,259,952,18.32,23.55
2024,ĐH Công nghệ Thông tin (UIT),Tài chính - Ngân hàng,230,712,25.26,27.31
2024,ĐH Công nghệ Thông tin (UIT),Kế toán,521,4073,22.71,29.28
2024,ĐH Công nghệ Thông tin (UIT),Logistics và quản lý chuỗi cung ứng,486,3578,20.37,27.96
2024,ĐH Công nghệ Thông tin (UIT),Luật,448,3035,18.75,25.47
2024,ĐH Công nghệ Thông tin (UIT),Ngôn ngữ Anh,349,1790,22.89,28.46
2024,ĐH Kinh tế TP.HCM (UEH),Công nghệ thông tin,144,1040,24.93,30.0
2024,ĐH Kinh tế TP.HCM (UEH),Khoa học máy tính,580,3089,19.0,23.5
2024,ĐH Kinh tế TP.HCM (UEH),Kỹ thuật phần mềm,427,3212,17.4,23.2
2024,ĐH Kinh tế TP.HCM (UEH),Trí tuệ nhân tạo,286,1584,17.06,23.05
2024,ĐH Kinh tế TP.HCM (UEH),Khoa học dữ liệu,288,842,21.87,24.2
2024,ĐH Kinh tế TP.HCM (UEH),Quản trị kinh doanh,193,936,23.74,30.0
2024,ĐH Kinh tế TP.HCM (UEH),Marketing,211,852,22.11,26.54
2024,ĐH Kinh tế TP.HCM (UEH),Tài chính - Ngân hàng,578,1583,23.26,25.63
2024,ĐH Kinh tế TP.HCM (UEH),Kế toán,412,1907,25.39,28.41
2024,ĐH Kinh tế TP.HCM (UEH),Logistics và quản lý chuỗi cung ứng,364,1461,21.66,26.46
2024,ĐH Kinh tế TP.HCM (UEH),Luật,540,1692,26.22,29.41
2024,ĐH Kinh tế TP.HCM (UEH),Ngôn ngữ Anh,470,3057,18.25,25.83
2024,ĐH Ngoại thương,Công nghệ thông tin,515,2749,25.56,30.0
2024,ĐH Ngoại thương,Khoa học máy tính,201,425,25.27,27.96
2024,ĐH Ngoại thương,Kỹ thuật phần mềm,332,1227,21.19,23.2
2024,ĐH Ngoại thương,Trí tuệ nhân tạo,203,1542,19.65,26.66
2024,ĐH Ngoại thương,Khoa học dữ liệu,246,775,19.96,23.69
2024,ĐH Ngoại thương,Quản trị kinh doanh,313,1147,19.82,26.88
2024,ĐH Ngoại thương,Marketing,407,2469,22.43,28.38
2024,ĐH Ngoại thương,Tài chính - Ngân hàng,351,1417,17.79,21.3
2024,ĐH Ngoại thương,Kế toán,484,1226,26.92,28.84
2024,ĐH Ngoại thương,Logistics và quản lý chuỗi cung ứng,510,1302,18.63,21.5
2024,ĐH Ngoại thương,Luật,571,2311,21.49,26.38
2024,ĐH Ngoại thương,Ngôn ngữ Anh,310,2302,25.17,30.0
2024,ĐH Kinh tế Quốc dân,Công nghệ thông tin,563,3775,21.62,30.0
2024,ĐH Kinh tế Quốc dân,Khoa học máy tính,570,4165,25.96,30.0
2024,ĐH Kinh tế Quốc dân,Kỹ thuật phần mềm,186,705,18.07,21.62
2024,ĐH Kinh tế Quốc dân,Trí tuệ nhân tạo,248,1135,25.31,28.18
2024,ĐH Kinh tế Quốc dân,Khoa học dữ liệu,545,2678,18.17,24.12
2024,ĐH Kinh tế Quốc dân,Quản trị kinh doanh,571,1541,22.47,27.71
2024,ĐH Kinh tế Quốc dân,Marketing,211,697,17.15,21.91
2024,ĐH Kinh tế Quốc dân,Tài chính - Ngân hàng,139,611,20.27,22.6
2024,ĐH Kinh tế Quốc dân,Kế toán,302,2055,18.04,24.18
2024,ĐH Kinh tế Quốc dân,Logistics và quản lý chuỗi cung ứng,336,1851,19.26,26.13
2024,ĐH Kinh tế Quốc dân,Luật,101,649,17.32,23.51
2024,ĐH Kinh tế Quốc dân,Ngôn ngữ Anh,189,1273,24.48,30.0
2024,ĐH Sư phạm TP.HCM,Công nghệ thông tin,480,3317,26.84,30.0
2024,ĐH Sư phạm TP.HCM,Khoa học máy tính,594,1702,18.16,19.32
2024,ĐH Sư phạm TP.HCM,Kỹ thuật phần mềm,484,2297,19.27,24.61
2024,ĐH Sư phạm TP.HCM,Trí tuệ nhân tạo,281,2075,24.45,28.69
2024,ĐH Sư phạm TP.HCM,Khoa học dữ liệu,198,812,20.63,25.26
2024,ĐH Sư phạm TP.HCM,Quản trị kinh doanh,244,1709,20.58,28.54
2024,ĐH Sư phạm TP.HCM,Marketing,262,871,20.81,25.15
2024,ĐH Sư phạm TP.HCM,Tài chính - Ngân hàng,340,1242,19.04,21.29
2024,ĐH Sư phạm TP.HCM,Kế toán,296,2250,23.84,30.0
2024,ĐH Sư phạm TP.HCM,Logistics và quản lý chuỗi cung ứng,119,416,23.54,27.18
2024,ĐH Sư phạm TP.HCM,Luật,487,2616,24.15,26.89
2024,ĐH Sư phạm TP.HCM,Ngôn ngữ Anh,118,783,17.44,24.41
2024,ĐH Luật TP.HCM,Công nghệ thông tin,518,2138,22.51,26.36
2024,ĐH Luật TP.HCM,Khoa học máy tính,416,1925,25.99,30.0
2024,ĐH Luật TP.HCM,Kỹ thuật phần mềm,454,1874,21.13,25.55
2024,ĐH Luật TP.HCM,Trí tuệ nhân tạo,338,1260,22.56,24.36
2024,ĐH Luật TP.HCM,Khoa học dữ liệu,499,1123,21.19,22.22
2024,ĐH Luật TP.HCM,Quản trị kinh doanh,345,1347,26.69,30.0
2024,ĐH Luật TP.HCM,Marketing,586,1947,25.86,30.0
2024,ĐH Luật TP.HCM,Tài chính - Ngân hàng,412,1530,17.91,21.19
2024,ĐH Luật TP.HCM,Kế toán,469,2844,21.28,27.84
2024,ĐH Luật TP.HCM,Logistics và quản lý chuỗi cung ứng,552,1130,26.43,27.64
2024,ĐH Luật TP.HCM,Luật,207,884,26.15,29.22
2024,ĐH Luật TP.HCM,Ngôn ngữ Anh,195,711,26.02,29.13
2024,ĐH Ngân hàng TP.HCM,Công nghệ thông tin,475,1061,19.72,20.86
2024,ĐH Ngân hàng TP.HCM,Khoa học máy tính,488,3485,25.2,30.0
2024,ĐH Ngân hàng TP.HCM,Kỹ thuật phần mềm,292,1285,24.83,29.1
2024,ĐH Ngân hàng TP.HCM,Trí tuệ nhân tạo,324,1485,20.04,23.85
2024,ĐH Ngân hàng TP.HCM,Khoa học dữ liệu,301,1726,19.23,22.53
2024,ĐH Ngân hàng TP.HCM,Quản trị kinh doanh,511,1422,22.65,25.97
2024,ĐH Ngân hàng TP.HCM,Marketing,173,1278,17.84,24.97
2024,ĐH Ngân hàng TP.HCM,Tài chính - Ngân hàng,325,799,19.35,24.24
2024,ĐH Ngân hàng TP.HCM,Kế toán,313,2456,18.35,24.23
2024,ĐH Ngân hàng TP.HCM,Logistics và quản lý chuỗi cung ứng,430,1943,17.1,22.9
2024,ĐH Ngân hàng TP.HCM,Luật,286,1572,17.11,23.52
2024,ĐH Ngân hàng TP.HCM,Ngôn ngữ Anh,175,732,22.66,24.63
2024,ĐH Công nghiệp TP.HCM,Công nghệ thông tin,573,2092,24.09,26.58
2024,ĐH Công nghiệp TP.HCM,Khoa học máy tính,529,1675,17.93,21.17
2024,ĐH Công nghiệp TP.HCM,Kỹ thuật phần mềm,142,970,19.24,24.48
2024,ĐH Công nghiệp TP.HCM,Trí tuệ nhân tạo,448,2579,19.87,23.89
2024,ĐH Công nghiệp TP.HCM,Khoa học dữ liệu,369,2403,17.51,22.49
2024,ĐH Công nghiệp TP.HCM,Quản trị kinh doanh,327,2015,22.53,26.78
2024,ĐH Công nghiệp TP.HCM,Marketing,120,819,24.6,29.32
2024,ĐH Công nghiệp TP.HCM,Tài chính - Ngân hàng,263,1169,18.26,20.76
2024,ĐH Công nghiệp TP.HCM,Kế toán,537,1185,20.92,24.35
2024,ĐH Công nghiệp TP.HCM,Logistics và quản lý chuỗi cung ứng,320,1302,20.37,22.86
2024,ĐH Công nghiệp TP.HCM,Luật,428,1446,21.11,23.95
2024,ĐH Công nghiệp TP.HCM,Ngôn ngữ Anh,108,569,18.06,21.5
2025,ĐH Bách Khoa TP.HCM,Công nghệ thông tin,549,3954,22.99,29.33
2025,ĐH Bách Khoa TP.HCM,Khoa học máy tính,291,1059,18.93,23.0
2025,ĐH Bách Khoa TP.HCM,Kỹ thuật phần mềm,374,1659,19.35,21.09
2025,ĐH Bách Khoa TP.HCM,Trí tuệ nhân tạo,526,1480,16.97,23.04
2025,ĐH Bách Khoa TP.HCM,Khoa học dữ liệu,468,1485,22.01,24.55
2025,ĐH Bách Khoa TP.HCM,Quản trị kinh doanh,248,1221,20.73,24.7
2025,ĐH Bách Khoa TP.HCM,Marketing,398,2679,23.75,27.92
2025,ĐH Bách Khoa TP.HCM,Tài chính - Ngân hàng,397,896,17.55,19.05
2025,ĐH Bách Khoa TP.HCM,Kế toán,536,3563,23.45,29.65
2025,ĐH Bách Khoa TP.HCM,Logistics và quản lý chuỗi cung ứng,579,4480,25.68,29.75
2025,ĐH Bách Khoa TP.HCM,Luật,278,1861,26.34,29.7
2025,ĐH Bách Khoa TP.HCM,Ngôn ngữ Anh,580,3259,27.19,29.55
2025,ĐH Khoa học Tự nhiên TP.HCM,Công nghệ thông tin,185,1179,18.37,23.46
2025,ĐH Khoa học Tự nhiên TP.HCM,Khoa học máy tính,382,2666,26.02,29.75
2025,ĐH Khoa học Tự nhiên TP.HCM,Kỹ thuật phần mềm,104,723,21.33,25.57
2025,ĐH Khoa học Tự nhiên TP.HCM,Trí tuệ nhân tạo,308,911,18.41,20.47
2025,ĐH Khoa học Tự nhiên TP.HCM,Khoa học dữ liệu,491,3683,18.27,24.47
2025,ĐH Khoa học Tự nhiên TP.HCM,Quản trị kinh doanh,199,691,18.63,20.08
2025,ĐH Khoa học Tự nhiên TP.HCM,Marketing,145,615,20.25,27.13
2025,ĐH Khoa học Tự nhiên TP.HCM,Tài chính - Ngân hàng,281,899,22.61,26.71
2025,ĐH Khoa học Tự nhiên TP.HCM,Kế toán,342,1367,16.72,19.21
2025,ĐH Khoa học Tự nhiên TP.HCM,Logistics và quản lý chuỗi cung ứng,337,1132,25.71,28.43
2025,ĐH Khoa học Tự nhiên TP.HCM,Luật,282,1132,18.82,22.9
2025,ĐH Khoa học Tự nhiên TP.HCM,Ngôn ngữ Anh,481,3374,20.02,27.52
2025,ĐH Công nghệ Thông tin (UIT),Công nghệ thông tin,277,1488,24.19,29.75
2025,ĐH Công nghệ Thông tin (UIT),Khoa học máy tính,451,2545,21.48,28.15
2025,ĐH Công nghệ Thông tin (UIT),Kỹ thuật phần mềm,303,1797,18.36,25.14
2025,ĐH Công nghệ Thông tin (UIT),Trí tuệ nhân tạo,286,1895,17.81,23.26
2025,ĐH Công nghệ Thông tin (UIT),Khoa học dữ liệu,420,3229,22.13,29.75
2025,ĐH Công nghệ Thông tin (UIT),Quản trị kinh doanh,389,1253,22.84,25.06
2025,ĐH Công nghệ Thông tin (UIT),Marketing,254,984,18.02,23.63
2025,ĐH Công nghệ Thông tin (UIT),Tài chính - Ngân hàng,241,733,25.44,27.75
2025,ĐH Công nghệ Thông tin (UIT),Kế toán,521,3707,22.34,29.66
2025,ĐH Công nghệ Thông tin (UIT),Logistics và quản lý chuỗi cung ứng,504,3360,20.22,27.82
2025,ĐH Công nghệ Thông tin (UIT),Luật,428,3266,18.88,25.06
2025,ĐH Công nghệ Thông tin (UIT),Ngôn ngữ Anh,341,1716,22.42,28.15
2025,ĐH Kinh tế TP.HCM (UEH),Công nghệ thông tin,143,988,25.15,29.75
2025,ĐH Kinh tế TP.HCM (UEH),Khoa học máy tính,595,3358,18.64,22.94
2025,ĐH Kinh tế TP.HCM (UEH),Kỹ thuật phần mềm,445,3502,17.24,23.29
2025,ĐH Kinh tế TP.HCM (UEH),Trí tuệ nhân tạo,282,1575,17.11,22.98
2025,ĐH Kinh tế TP.HCM (UEH),Khoa học dữ liệu,300,868,21.72,24.94
2025,ĐH Kinh tế TP.HCM (UEH),Quản trị kinh doanh,192,904,23.51,29.75
2025,ĐH Kinh tế TP.HCM (UEH),Marketing,217,834,22.55,26.21
2025,ĐH Kinh tế TP.HCM (UEH),Tài chính - Ngân hàng,600,1693,23.59,25.98
2025,ĐH Kinh tế TP.HCM (UEH),Kế toán,411,1975,25.35,28.17
2025,ĐH Kinh tế TP.HCM (UEH),Logistics và quản lý chuỗi cung ứng,376,1545,21.21,26.84
2025,ĐH Kinh tế TP.HCM (UEH),Luật,527,1697,25.86,28.88
2025,ĐH Kinh tế TP.HCM (UEH),Ngôn ngữ Anh,462,3335,18.27,25.5
2025,ĐH Ngoại thương,Công nghệ thông tin,494,2489,25.18,29.75
2025,ĐH Ngoại thương,Khoa học máy tính,201,449,25.09,27.57
2025,ĐH Ngoại thương,Kỹ thuật phần mềm,336,1205,21.09,22.89
2025,ĐH Ngoại thương,Trí tuệ nhân tạo,211,1439,20.01,26.49
2025,ĐH Ngoại thương,Khoa học dữ liệu,236,775,19.57,23.52
2025,ĐH Ngoại thương,Quản trị kinh doanh,307,1130,20.15,26.82
2025,ĐH Ngoại thương,Marketing,389,2578,22.68,27.99
2025,ĐH Ngoại thương,Tài chính - Ngân hàng,366,1586,17.49,20.99
2025,ĐH Ngoại thương,Kế toán,506,1158,26.73,29.18
2025,ĐH Ngoại thương,Logistics và quản lý chuỗi cung ứng,494,1380,18.56,20.97
2025,ĐH Ngoại thương,Luật,596,2440,21.13,26.55
2025,ĐH Ngoại thương,Ngôn ngữ Anh,308,2562,24.97,29.75
2025,ĐH Kinh tế Quốc dân,Công nghệ thông tin,549,3953,21.22,29.75
2025,ĐH Kinh tế Quốc dân,Khoa học máy tính,579,4235,26.29,29.75
2025,ĐH Kinh tế Quốc dân,Kỹ thuật phần mềm,183,748,18.12,21.55
2025,ĐH Kinh tế Quốc dân,Trí tuệ nhân tạo,260,1050,24.98,28.91
2025,ĐH Kinh tế Quốc dân,Khoa học dữ liệu,554,2772,18.55,24.35
2025,ĐH Kinh tế Quốc dân,Quản trị kinh doanh,599,1492,22.79,28.03
2025,ĐH Kinh tế Quốc dân,Marketing,220,766,16.76,21.69
2025,ĐH Kinh tế Quốc dân,Tài chính - Ngân hàng,134,683,20.64,22.87
2025,ĐH Kinh tế Quốc dân,Kế toán,300,2284,18.01,24.97
2025,ĐH Kinh tế Quốc dân,Logistics và quản lý chuỗi cung ứng,341,1762,19.39,26.1
2025,ĐH Kinh tế Quốc dân,Luật,102,625,17.29,24.24
2025,ĐH Kinh tế Quốc dân,Ngôn ngữ Anh,186,1368,24.38,29.75
2025,ĐH Sư phạm TP.HCM,Công nghệ thông tin,488,3235,27.08,29.75
2025,ĐH Sư phạm TP.HCM,Khoa học máy tính,607,1590,17.78,19.99
2025,ĐH Sư phạm TP.HCM,Kỹ thuật phần mềm,497,2383,19.34,25.21
2025,ĐH Sư phạm TP.HCM,Trí tuệ nhân tạo,275,1964,24.85,28.23
2025,ĐH Sư phạm TP.HCM,Khoa học dữ liệu,190,827,20.6,25.41
2025,ĐH Sư phạm TP.HCM,Quản trị kinh doanh,252,1867,20.42,28.89
2025,ĐH Sư phạm TP.HCM,Marketing,249,894,20.99,24.84
2025,ĐH Sư phạm TP.HCM,Tài chính - Ngân hàng,331,1230,19.53,21.0
2025,ĐH Sư phạm TP.HCM,Kế toán,306,2372,23.55,29.75
2025,ĐH Sư phạm TP.HCM,Logistics và quản lý chuỗi cung ứng,113,458,23.48,27.58
2025,ĐH Sư phạm TP.HCM,Luật,472,2631,23.92,27.47
2025,ĐH Sư phạm TP.HCM,Ngôn ngữ Anh,117,746,17.79,23.95
2025,ĐH Luật TP.HCM,Công nghệ thông tin,504,2375,22.44,25.79
2025,ĐH Luật TP.HCM,Khoa học máy tính,410,2025,25.6,29.75
2025,ĐH Luật TP.HCM,Kỹ thuật phần mềm,437,2095,21.13,25.46
2025,ĐH Luật TP.HCM,Trí tuệ nhân tạo,325,1238,22.18,25.07
2025,ĐH Luật TP.HCM,Khoa học dữ liệu,478,1055,21.04,22.08
2025,ĐH Luật TP.HCM,Quản trị kinh doanh,332,1424,27.09,29.75
2025,ĐH Luật TP.HCM,Marketing,565,1819,25.69,29.4
2025,ĐH Luật TP.HCM,Tài chính - Ngân hàng,392,1471,17.77,21.08
2025,ĐH Luật TP.HCM,Kế toán,479,2739,21.51,28.11
2025,ĐH Luật TP.HCM,Logistics và quản lý chuỗi cung ứng,561,1134,26.88,27.13
2025,ĐH Luật TP.HCM,Luật,205,925,25.89,29.75
2025,ĐH Luật TP.HCM,Ngôn ngữ Anh,187,770,26.46,28.56
2025,ĐH Ngân hàng TP.HCM,Công nghệ thông tin,459,1050,19.32,21.23
2025,ĐH Ngân hàng TP.HCM,Khoa học máy tính,493,3842,25.28,29.75
2025,ĐH Ngân hàng TP.HCM,Kỹ thuật phần mềm,285,1184,24.45,29.48
2025,ĐH Ngân hàng TP.HCM,Trí tuệ nhân tạo,330,1574,19.88,23.68
2025,ĐH Ngân hàng TP.HCM,Khoa học dữ liệu,296,1700,19.56,21.96
2025,ĐH Ngân hàng TP.HCM,Quản trị kinh doanh,499,1480,22.49,26.59
2025,ĐH Ngân hàng TP.HCM,Marketing,179,1282,17.8,25.2
2025,ĐH Ngân hàng TP.HCM,Tài chính - Ngân hàng,314,752,18.92,24.45
2025,ĐH Ngân hàng TP.HCM,Kế toán,300,2712,18.2,24.54
2025,ĐH Ngân hàng TP.HCM,Logistics và quản lý chuỗi cung ứng,450,2140,16.79,23.03
2025,ĐH Ngân hàng TP.HCM,Luật,299,1630,16.78,23.92
2025,ĐH Ngân hàng TP.HCM,Ngôn ngữ Anh,168,740,22.34,25.26
2025,ĐH Công nghiệp TP.HCM,Công nghệ thông tin,551,2187,23.73,26.07
2025,ĐH Công nghiệp TP.HCM,Khoa học máy tính,520,1807,17.87,21.34
2025,ĐH Công nghiệp TP.HCM,Kỹ thuật phần mềm,142,928,18.82,24.77
2025,ĐH Công nghiệp TP.HCM,Trí tuệ nhân tạo,463,2481,19.5,23.33
2025,ĐH Công nghiệp TP.HCM,Khoa học dữ liệu,371,2536,17.8,22.63
2025,ĐH Công nghiệp TP.HCM,Quản trị kinh doanh,317,1917,22.46,26.2
2025,ĐH Công nghiệp TP.HCM,Marketing,121,868,24.83,28.82
2025,ĐH Công nghiệp TP.HCM,Tài chính - Ngân hàng,260,1242,17.99,21.54
2025,ĐH Công nghiệp TP.HCM,Kế toán,530,1145,20.9,24.52
2025,ĐH Công nghiệp TP.HCM,Logistics và quản lý chuỗi cung ứng,310,1277,20.53,22.81
2025,ĐH Công nghiệp TP.HCM,Luật,447,1608,20.97,24.09
2025,ĐH Công nghiệp TP.HCM,Ngôn ngữ Anh,103,584,18.21,21.27
2026,ĐH Bách Khoa TP.HCM,Công nghệ thông tin,533,4247,22.78,29.56
2026,ĐH Bách Khoa TP.HCM,Khoa học máy tính,288,1107,18.88,22.78
2026,ĐH Bách Khoa TP.HCM,Kỹ thuật phần mềm,391,1521,18.87,21.55
2026,ĐH Bách Khoa TP.HCM,Trí tuệ nhân tạo,504,1682,16.88,23.23
2026,ĐH Bách Khoa TP.HCM,Khoa học dữ liệu,467,1665,21.96,24.77
2026,ĐH Bách Khoa TP.HCM,Quản trị kinh doanh,260,1358,20.62,24.61
2026,ĐH Bách Khoa TP.HCM,Marketing,385,2577,23.4,27.82
2026,ĐH Bách Khoa TP.HCM,Tài chính - Ngân hàng,413,882,17.47,19.5
2026,ĐH Bách Khoa TP.HCM,Kế toán,539,3622,23.3,29.24
2026,ĐH Bách Khoa TP.HCM,Logistics và quản lý chuỗi cung ứng,595,5136,26.07,29.8
2026,ĐH Bách Khoa TP.HCM,Luật,272,1761,26.66,29.55
2026,ĐH Bách Khoa TP.HCM,Ngôn ngữ Anh,574,3327,27.28,29.28
2026,ĐH Khoa học Tự nhiên TP.HCM,Công nghệ thông tin,181,1290,18.08,23.79
2026,ĐH Khoa học Tự nhiên TP.HCM,Khoa học máy tính,397,2923,26.11,29.8
2026,ĐH Khoa học Tự nhiên TP.HCM,Kỹ thuật phần mềm,99,754,20.88,26.08
2026,ĐH Khoa học Tự nhiên TP.HCM,Trí tuệ nhân tạo,306,931,18.82,20.36
2026,ĐH Khoa học Tự nhiên TP.HCM,Khoa học dữ liệu,494,3938,18.02,24.49
2026,ĐH Khoa học Tự nhiên TP.HCM,Quản trị kinh doanh,196,672,18.95,20.55
2026,ĐH Khoa học Tự nhiên TP.HCM,Marketing,147,581,20.22,27.11
2026,ĐH Khoa học Tự nhiên TP.HCM,Tài chính - Ngân hàng,292,873,22.36,27.19
2026,ĐH Khoa học Tự nhiên TP.HCM,Kế toán,325,1462,16.64,19.43
2026,ĐH Khoa học Tự nhiên TP.HCM,Logistics và quản lý chuỗi cung ứng,324,1102,26.21,29.13
2026,ĐH Khoa học Tự nhiên TP.HCM,Luật,274,1084,19.12,22.59
2026,ĐH Khoa học Tự nhiên TP.HCM,Ngôn ngữ Anh,487,3174,20.36,28.07
2026,ĐH Công nghệ Thông tin (UIT),Công nghệ thông tin,269,1649,24.2,29.66
2026,ĐH Công nghệ Thông tin (UIT),Khoa học máy tính,472,2409,21.22,27.7
2026,ĐH Công nghệ Thông tin (UIT),Kỹ thuật phần mềm,292,1886,18.18,25.04
2026,ĐH Công nghệ Thông tin (UIT),Trí tuệ nhân tạo,273,2097,18.1,23.39
2026,ĐH Công nghệ Thông tin (UIT),Khoa học dữ liệu,418,3430,22.59,29.74
2026,ĐH Công nghệ Thông tin (UIT),Quản trị kinh doanh,396,1327,23.04,25.11
2026,ĐH Công nghệ Thông tin (UIT),Marketing,263,1088,18.37,24.05
2026,ĐH Công nghệ Thông tin (UIT),Tài chính - Ngân hàng,245,690,25.5,28.01
2026,ĐH Công nghệ Thông tin (UIT),Kế toán,522,4246,22.01,29.65
2026,ĐH Công nghệ Thông tin (UIT),Logistics và quản lý chuỗi cung ứng,502,3123,20.27,28.0
2026,ĐH Công nghệ Thông tin (UIT),Luật,417,3527,18.98,24.74
2026,ĐH Công nghệ Thông tin (UIT),Ngôn ngữ Anh,341,1870,22.05,28.27
2026,ĐH Kinh tế TP.HCM (UEH),Công nghệ thông tin,144,1074,25.15,29.51
2026,ĐH Kinh tế TP.HCM (UEH),Khoa học máy tính,594,3465,18.45,23.55
2026,ĐH Kinh tế TP.HCM (UEH),Kỹ thuật phần mềm,431,3967,17.64,22.82
2026,ĐH Kinh tế TP.HCM (UEH),Trí tuệ nhân tạo,280,1461,17.54,23.58
2026,ĐH Kinh tế TP.HCM (UEH),Khoa học dữ liệu,313,819,22.17,24.9
2026,ĐH Kinh tế TP.HCM (UEH),Quản trị kinh doanh,188,841,23.62,29.53
2026,ĐH Kinh tế TP.HCM (UEH),Marketing,206,837,22.84,26.43
2026,ĐH Kinh tế TP.HCM (UEH),Tài chính - Ngân hàng,584,1933,24.02,26.01
2026,ĐH Kinh tế TP.HCM (UEH),Kế toán,399,2136,25.49,28.82
2026,ĐH Kinh tế TP.HCM (UEH),Logistics và quản lý chuỗi cung ứng,364,1516,20.75,26.46
2026,ĐH Kinh tế TP.HCM (UEH),Luật,536,1892,25.58,28.83
2026,ĐH Kinh tế TP.HCM (UEH),Ngôn ngữ Anh,473,3122,18.01,25.38
2026,ĐH Ngoại thương,Công nghệ thông tin,511,2781,25.01,29.8
2026,ĐH Ngoại thương,Khoa học máy tính,192,465,25.41,27.09
2026,ĐH Ngoại thương,Kỹ thuật phần mềm,324,1187,21.42,22.57
2026,ĐH Ngoại thương,Trí tuệ nhân tạo,221,1541,20.12,26.6
2026,ĐH Ngoại thương,Khoa học dữ liệu,224,886,19.08,24.06
2026,ĐH Ngoại thương,Quản trị kinh doanh,305,1061,20.45,27.3
2026,ĐH Ngoại thương,Marketing,371,2511,22.77,27.95
2026,ĐH Ngoại thương,Tài chính - Ngân hàng,371,1776,17.59,21.6
2026,ĐH Ngoại thương,Kế toán,531,1294,26.28,29.04
2026,ĐH Ngoại thương,Logistics và quản lý chuỗi cung ứng,492,1480,18.98,21.22
2026,ĐH Ngoại thương,Luật,588,2787,21.6,26.94
2026,ĐH Ngoại thương,Ngôn ngữ Anh,312,2402,24.54,29.25
2026,ĐH Kinh tế Quốc dân,Công nghệ thông tin,558,3739,20.98,29.8
2026,ĐH Kinh tế Quốc dân,Khoa học máy tính,584,4108,26.19,29.8
2026,ĐH Kinh tế Quốc dân,Kỹ thuật phần mềm,184,692,18.43,22.11
2026,ĐH Kinh tế Quốc dân,Trí tuệ nhân tạo,249,1153,25.43,29.33
2026,ĐH Kinh tế Quốc dân,Khoa học dữ liệu,581,3182,18.15,23.89
2026,ĐH Kinh tế Quốc dân,Quản trị kinh doanh,607,1380,22.55,28.57
2026,ĐH Kinh tế Quốc dân,Marketing,214,690,16.27,22.05
2026,ĐH Kinh tế Quốc dân,Tài chính - Ngân hàng,139,656,20.56,23.27
2026,ĐH Kinh tế Quốc dân,Kế toán,290,2621,17.79,25.31
2026,ĐH Kinh tế Quốc dân,Logistics và quản lý chuỗi cung ứng,335,1873,19.38,25.97
2026,ĐH Kinh tế Quốc dân,Luật,102,695,17.48,24.76
2026,ĐH Kinh tế Quốc dân,Ngôn ngữ Anh,183,1302,24.42,29.8
2026,ĐH Sư phạm TP.HCM,Công nghệ thông tin,488,3000,26.58,29.43
2026,ĐH Sư phạm TP.HCM,Khoa học máy tính,605,1440,17.31,20.26
2026,ĐH Sư phạm TP.HCM,Kỹ thuật phần mềm,485,2713,19.4,24.82
2026,ĐH Sư phạm TP.HCM,Trí tuệ nhân tạo,280,2004,25.04,27.93
2026,ĐH Sư phạm TP.HCM,Khoa học dữ liệu,182,757,20.33,25.66
2026,ĐH Sư phạm TP.HCM,Quản trị kinh doanh,243,1773,20.69,28.59
2026,ĐH Sư phạm TP.HCM,Marketing,256,852,21.12,24.73
2026,ĐH Sư phạm TP.HCM,Tài chính - Ngân hàng,339,1115,19.51,21.25
2026,ĐH Sư phạm TP.HCM,Kế toán,299,2292,23.85,29.8
2026,ĐH Sư phạm TP.HCM,Logistics và quản lý chuỗi cung ứng,117,506,23.56,27.54
2026,ĐH Sư phạm TP.HCM,Luật,483,2386,24.36,27.11
2026,ĐH Sư phạm TP.HCM,Ngôn ngữ Anh,121,706,17.89,23.51
2026,ĐH Luật TP.HCM,Công nghệ thông tin,493,2160,22.18,26.15
2026,ĐH Luật TP.HCM,Khoa học máy tính,396,2278,25.17,29.8
2026,ĐH Luật TP.HCM,Kỹ thuật phần mềm,425,2325,20.72,25.89
2026,ĐH Luật TP.HCM,Trí tuệ nhân tạo,335,1173,22.68,25.35
2026,ĐH Luật TP.HCM,Khoa học dữ liệu,494,1159,21.41,22.4
2026,ĐH Luật TP.HCM,Quản trị kinh doanh,318,1590,27.57,29.77
2026,ĐH Luật TP.HCM,Marketing,570,1910,25.22,29.73
2026,ĐH Luật TP.HCM,Tài chính - Ngân hàng,410,1543,17.93,21.62
2026,ĐH Luật TP.HCM,Kế toán,489,2828,21.75,28.4
2026,ĐH Luật TP.HCM,Logistics và quản lý chuỗi cung ứng,536,1083,27.16,27.69
2026,ĐH Luật TP.HCM,Luật,207,852,25.82,29.8
2026,ĐH Luật TP.HCM,Ngôn ngữ Anh,195,779,26.09,29.02
2026,ĐH Ngân hàng TP.HCM,Công nghệ thông tin,478,1055,19.32,20.76
2026,ĐH Ngân hàng TP.HCM,Khoa học máy tính,498,3883,25.43,29.8
2026,ĐH Ngân hàng TP.HCM,Kỹ thuật phần mềm,296,1087,24.9,29.26
2026,ĐH Ngân hàng TP.HCM,Trí tuệ nhân tạo,320,1526,20.15,23.28
2026,ĐH Ngân hàng TP.HCM,Khoa học dữ liệu,308,1616,19.54,21.46
2026,ĐH Ngân hàng TP.HCM,Quản trị kinh doanh,489,1658,22.82,26.88
2026,ĐH Ngân hàng TP.HCM,Marketing,186,1393,17.95,25.54
2026,ĐH Ngân hàng TP.HCM,Tài chính - Ngân hàng,311,803,18.44,25.08
2026,ĐH Ngân hàng TP.HCM,Kế toán,294,2603,18.03,24.74
2026,ĐH Ngân hàng TP.HCM,Logistics và quản lý chuỗi cung ứng,456,2014,16.54,22.97
2026,ĐH Ngân hàng TP.HCM,Luật,303,1614,16.68,23.81
2026,ĐH Ngân hàng TP.HCM,Ngôn ngữ Anh,170,801,22.26,24.94
2026,ĐH Công nghiệp TP.HCM,Công nghệ thông tin,556,2275,23.34,26.63
2026,ĐH Công nghiệp TP.HCM,Khoa học máy tính,518,1875,17.71,21.27
2026,ĐH Công nghiệp TP.HCM,Kỹ thuật phần mềm,147,1002,18.69,24.33
2026,ĐH Công nghiệp TP.HCM,Trí tuệ nhân tạo,471,2273,19.27,23.03
2026,ĐH Công nghiệp TP.HCM,Khoa học dữ liệu,368,2401,18.09,22.66
2026,ĐH Công nghiệp TP.HCM,Quản trị kinh doanh,323,2020,22.14,26.19
2026,ĐH Công nghiệp TP.HCM,Marketing,126,880,24.95,28.96
2026,ĐH Công nghiệp TP.HCM,Tài chính - Ngân hàng,248,1285,18.44,21.71
2026,ĐH Công nghiệp TP.HCM,Kế toán,524,1034,20.93,24.59
2026,ĐH Công nghiệp TP.HCM,Logistics và quản lý chuỗi cung ứng,299,1304,20.91,23.18
2026,ĐH Công nghiệp TP.HCM,Luật,466,1652,21.39,24.14
2026,ĐH Công nghiệp TP.HCM,Ngôn ngữ Anh,105,624,17.8,21.76
